country,year,primary_enroll_total,primary_gross_enrol_ratio_male,primary_gross_enrol_ratio_female,lower_secondary_enroll_total,lower_secondary_enroll_ratio_male,lower_secondary_enroll_ratio_female,upper_secondary_enroll_ratio_total,upper_secondary_enroll_ratio_male,upper_secondary_enroll_ratio_female,11
Afghanistan,2005,4319,126.1,73.2,461,39.5,13.4,190,20,5.4,
Afghanistan,2010,5279,121.7,83.1,1477,88,46.4,567,42.6,17.4,
Afghanistan,2015,6199,125.4,85.9,1669,80.3,47,982,54.3,27.9,
Afghanistan,2018,6545,128.3,86.2,1983,88.7,52,1081,54.1,29.3,
Afghanistan,2019,6778,130.6,88.3,2067,90,53.8,,,,
Albania,2005,238,112.9,109.6,251,105.4,101,156,65.6,59.2,
Albania,2010,225,109.2,107.7,215,105,102.7,141,87.1,76.8,
Albania,2015,188,115,111.5,175,108.6,105.5,140,105.3,91.5,
Albania,2022,154,98.5,92.7,124,98.2,91.4,103,101.9,91.4,
Algeria,2005,4362,115.7,108.5,2438,113.9,109.4,1216,43.2,64.4,
Algeria,2010,3312,116.9,109.7,3310,138,128.3,1306,51.1,74,
Algeria,2011,3363,115.7,108.9,3240,140.2,130.6,1333,54.3,76.8,
Algeria,2015,3925,113.1,108.5,,,,,,,
Algeria,2022,5051,109.8,106.9,,,,0,,,
Andorra,2005,4,84.9,83.6,3,93.2,99.9,1,59,72.5,
Andorra,2010,4,91,89.2,3,93.8,95,1,72.6,90.7,
Andorra,2015,4,89.6,88.2,3,97.7,92.2,1,83.8,91.6,
Andorra,2022,4,90.4,89.9,3,96.7,94,2,100,103.7,
Angola,2002,,,,349,21,18.2,113,11,8.2,
Angola,2010,4273,123.7,100.1,567,40.2,30.4,283,24.8,13.9,
Angola,2011,5027,154.2,98.3,581,41.4,28.8,304,25.7,14.5,
Angola,2015,5621,126.4,111.9,,,,,,,
Angola,2016,5259,111.8,102.2,1526,94.3,57,508,31.5,25.7,
Angola,2018,4697,91.2,86,,,,,,,
Anguilla,2005,1,100.3,102.9,1,102.4,103.4,0,101,102.4,
Anguilla,2010,2,114.3,104.9,1,108,102,0,103.2,119.5,
Anguilla,2011,2,116,106.8,1,99,109.1,0,115.5,105.3,
Anguilla,2015,2,106.9,106.6,1,117.7,118.2,,,,
Anguilla,2019,2,103.1,100.5,1,113.9,108.5,0,114.4,106.9,
Anguilla,2022,1,103.9,95.1,,,,,,,
Antigua and Barbuda,2000,13,,,3,87.5,77.4,2,75,79.2,
Antigua and Barbuda,2010,11,124.4,114.6,6,138.6,125,3,70.6,105.8,
Antigua and Barbuda,2015,10,111.5,108.1,5,132.5,128.4,3,89.5,103.1,
Antigua and Barbuda,2018,10,112.3,111.9,5,135.8,119.1,3,104.7,118.7,
Antigua and Barbuda,2019,10,113.2,111,,,,,,,
Argentina,2005,4873,114.5,115,2437,112.1,120,1448,65.6,77.8,
Argentina,2010,4947,118.2,118.3,2693,124,130.9,1520,64.3,78.6,
Argentina,2015,4784,112.8,114.8,2723,129,131.7,1779,78.6,91.5,
Argentina,2021,4821,108.8,111.6,2689,125.1,129.4,2208,101.3,110.5,
Armenia,2000,180,89.5,87.1,308,91,95.3,102,77.8,86.2,
Armenia,2005,125,93,94.5,267,91,87.5,102,,,
Armenia,2010,102,96.7,96.6,209,103.4,101.5,97,97.9,95.1,
Armenia,2015,145,102.7,102,,,,97,85.9,89.3,
Armenia,2022,156,93.5,92.3,186,102.1,101.1,86,86.9,89.1,
Aruba,2005,10,122,117,3,126.6,115.1,4,81.8,95.5,
Aruba,2010,10,115.9,114.4,3,117.4,109.6,4,79.5,93,
Aruba,2012,9,105.9,108.6,4,121.1,125.2,5,109.2,109.8,
Aruba,2015,10,117.2,117,,,,,,,
Aruba,2016,9,,,,,,,,,
Australia,2005,1935,103.6,103.2,,,,,,,
Australia,2010,2015,105.8,105.2,,,,,,,
Australia,2015,2141,101.7,101.6,1408,132.3,117.2,1301,243.9,207,
Australia,2022,2248,99,99.2,1425,110.5,107.5,1130,190,180,
Austria,2005,363,102.4,101.8,399,102.7,101.5,382,102.3,94,
Austria,2010,328,101.4,100.3,361,102.8,102.2,383,101.6,94.7,
Austria,2015,328,101.7,100.4,334,100.8,100.6,358,105.1,98.8,
Austria,2022,348,101.1,100.4,343,101.2,100.6,351,103.6,100.3,
Azerbaijan,2005,568,98.2,92.8,813,92.7,89.1,,,,
Azerbaijan,2010,482,94.2,93.2,666,92.9,90.5,231,,,
Azerbaijan,2015,551,107.4,105.6,574,91.7,89.2,198,,,
Azerbaijan,2022,639,100.1,99.5,758,90.8,89.8,273,66.1,57.5,
Bahamas,2005,37,95.4,92.3,18,86.7,82.4,15,75.8,81.2,
Bahamas,2010,34,86.9,84.2,18,88.6,88.4,17,80.4,84.5,
Bahamas,2014,32,81.7,79.2,16,82.5,80.6,15,75.1,78,
Bahamas,2015,33,,,13,,,13,,,
Bahamas,2021,29,94.1,93.5,13,64.4,63.5,12,60.3,62.3,
Bahrain,2005,83,93.1,96.7,39,87.5,95.3,33,67.3,85.1,
Bahrain,2006,90,100,103.3,40,89.2,94.8,34,68.9,84,
Bahrain,2015,108,101.6,102.9,47,102.5,100.9,45,96.5,103.5,
Bahrain,2022,115,92,92.7,56,98.6,98.5,55,113.4,104.7,
Bangladesh,2005,16219,98.3,101.7,6233,62.9,70.6,3877,31.9,30.9,
Bangladesh,2010,16987,97.2,102.4,6377,59,71.7,4957,40.4,39.7,
Bangladesh,2022,17162,112.4,123.1,7895,75.9,95.5,8175,59.9,64.6,
Barbados,2005,22,101.5,99.6,12,107.8,102.2,9,110.5,112.9,
Barbados,2010,23,100.1,100.2,11,106.3,99.3,8,111.6,117.7,
Barbados,2015,21,97.3,95.3,12,107.7,107.8,8,106.3,111.9,
Barbados,2022,18,97.1,94,11,99,100.2,8,112.9,120.1,
Belarus,2005,380,104,98.1,706,117.3,110.8,,,,
Belarus,2010,358,98.6,96.6,468,101,98.5,294,141.4,129.4,
Belarus,2015,387,96.8,95.3,445,95,93.2,200,108.9,103,
Belarus,2022,452,96.5,92.9,517,94.8,91.6,194,101.1,95.3,
Belgium,2005,739,103.2,103,431,155.3,178,770,145.4,160.4,
Belgium,2010,732,102.4,102.1,339,136.1,140.7,864,157.4,186.3,
Belgium,2015,783,102.2,102.3,445,177.2,188,773,142.4,168.4,
Belgium,2021,818,101.8,101.8,413,149.9,154.7,719,128.9,148.4,
Belize,2005,50,121.9,117,23,85.6,85.6,7,50.5,57.9,
Belize,2010,53,114.6,110.7,26,84.7,88.5,7,46.8,55.5,
Belize,2015,52,116.2,110.9,29,91.1,91.9,9,55.7,63.6,
Belize,2022,46,101,98.8,29,99.2,98,10,58.7,70.6,
Benin,2005,1318,108.5,86.5,325,53.6,31.1,111,28.3,14.6,
Benin,2010,1788,123.7,110.8,,,,,,,
Benin,2015,2238,131.5,122.6,707,78,63.4,257,49.9,25.2,
Benin,2022,2398,117.3,108.7,680,58.2,53.2,249,34.7,25.3,
Bermuda,2005,5,106.7,109.7,2,100.6,102.7,3,81,92.7,
Bermuda,2006,5,105.2,109.3,2,101.5,96.9,2,76.2,88.9,
Bermuda,2010,4,,,2,99,107.3,2,78.9,92.4,
Bermuda,2015,4,104.4,106.8,2,96,99.8,2,79.8,90.1,
Bermuda,2022,3,85.2,85.6,2,78,85,2,67.5,75.9,
Bhutan,2005,99,92.8,92.7,34,52.8,51.9,8,30.7,22.3,
Bhutan,2010,110,108.5,115.3,47,69.5,80.4,13,40.9,39.9,
Bhutan,2015,99,101.1,103.9,54,86.9,100.2,21,66.9,72.4,
Bhutan,2022,79,99.9,107.9,49,83.1,97.4,25,79.3,90.2,
Bolivia,2005,1513,115.2,115.2,413,103,98.2,625,82.4,78.4,
Bolivia,2010,1444,105.7,105.2,435,100.1,97.6,701,83.4,84.1,
Bolivia,2015,1345,96.8,94.8,453,101.5,97,781,87.8,88.2,
Bolivia,2022,1404,99.6,99.6,456,98,96.4,821,88.1,89,
Bosnia and Herzegovina,2005,,,,,,,165,65,67.3,
Bosnia and Herzegovina,2010,175,88.3,88.8,176,91.7,90.8,147,74.9,77.5,
Bosnia and Herzegovina,2015,163,91.6,90.7,134,90.2,88.5,144,76.7,79.3,
Bosnia and Herzegovina,2022,144,88.4,87.2,121,89.7,87.7,108,80.3,83.3,
Botswana,2005,329,105.7,105,118,85.7,90.4,55,61.9,59.7,
Botswana,2008,327,105.2,103.4,119,84.4,90.3,49,51.3,58.9,
Botswana,2009,331,105.9,103.3,120,86,90.5,,,,
Botswana,2015,345,99,97,124,89.1,92.1,,,,
Botswana,2021,365,94.4,93,121,76.7,79.3,55,49.8,64.6,
Brazil,2005,18661,,,15069,,,9794,,,
Brazil,2010,16893,,,14255,,,9284,,,
Brazil,2015,16299,111.5,106.7,13815,108.6,107,9687,85.5,99.8,
Brazil,2021,15201,105,101.9,13039,111.4,110.5,9272,93,109.9,
British Virgin Islands,2005,3,113.1,107,1,107,126,1,88.2,94.2,
British Virgin Islands,2010,3,114.5,109.1,1,121.2,113.5,1,82.5,96.2,
British Virgin Islands,2015,3,112.4,107.2,1,114.9,110.8,1,72.7,85.2,
British Virgin Islands,2021,3,124.2,119.9,1,94.3,87.7,1,75.8,77,
British Virgin Islands,2022,2,102.3,100,0,,,0,,,
Brunei Darussalam,2005,46,108.6,106.4,23,109.1,102.8,21,60.3,71.3,
Brunei Darussalam,2010,44,105.2,104.8,15,106.9,105.2,34,93.7,95.8,
Brunei Darussalam,2015,40,101.8,101.5,14,103.1,101.9,38,110.5,108.7,
Brunei Darussalam,2020,40,97.1,98,13,100.1,100.6,28,81.9,86,
Bulgaria,2005,290,111.5,110.3,312,130.6,122.5,373,74.7,73.4,
Bulgaria,2010,260,101.6,101.1,225,125.7,119.1,307,81.7,79.2,
Bulgaria,2015,262,99.2,98.3,224,122.5,117.2,278,89.2,87.3,
Bulgaria,2021,238,87.4,87.2,199,94.4,93.8,278,88.8,84.9,
Burkina Faso,2005,1271,63.3,50.4,237,21,15.4,59,8.1,4.9,
Burkina Faso,2010,2048,80.7,73,440,32.4,25.7,98,12,7.3,
Burkina Faso,2015,2707,86.8,84,812,47,45.8,153,15.9,10.3,
Burkina Faso,2022,3175,81.4,83.3,949,37.9,46.9,301,21.1,20,
Burundi,2005,1037,93.5,80.4,132,19.7,15.1,39,8.9,5.9,
Burundi,2010,1850,140.2,138.8,263,37.9,28.7,75,15.8,9.4,
Burundi,2015,2072,118.3,121.7,500,57.5,58.4,164,31.1,23.3,
Burundi,2022,2412,101.6,106.2,499,45.2,57.8,250,27.4,34,
Cabo Verde,2005,83,111.5,107.6,36,87.3,99,17,43.4,50.7,
Cabo Verde,2010,71,110.1,104.3,38,98.6,111.1,24,54,72.7,
Cabo Verde,2015,66,104.7,98.8,35,106,108.9,24,60.2,77.7,
Cabo Verde,2021,61,99.1,93.7,33,103.4,103,22,60.9,78,
Cambodia,2004,2763,151.4,137.9,462,52.9,39.3,168,21.9,12.6,
Cambodia,2005,2695,149.9,137.8,531,58.8,46.5,,,,
Cambodia,2008,2341,136.3,126.7,644,69.2,61.8,286,33.3,24,
Cambodia,2010,2273,128.5,122.3,594,69.8,65.2,,,,
Cambodia,2015,2012,108.3,106.1,547,60,62.9,,,,
Cambodia,2021,2133,109.1,108.4,670,65.1,77,392,40.2,48.3,
Cambodia,2022,2165,109,111,703,67.9,79.2,,,,
Cameroon,2005,2978,115.2,95.6,556,36.6,28.9,228,22.2,17,
Cameroon,2010,3510,117.9,101,970,58,46.5,420,35.7,28.9,
Cameroon,2015,4370,123.3,109.8,1470,74.4,64.6,638,49.6,39.9,
Cameroon,2022,4944,115.9,105.5,1296,51.6,47.1,687,41.4,36.3,
Canada,2005,2321,98.9,98.2,844,98.9,96.7,1758,102.8,100.1,
Canada,2010,2168,98.9,99.4,799,100.2,99.6,1812,105.1,102.2,
Canada,2015,2304,100.1,99.5,1152,101.1,100.4,1490,121.4,123.5,
Canada,2021,2387,96.7,95.9,1292,104.4,103.4,1387,114.7,115.1,
Cayman Islands,2005,3,96.2,94.7,2,104.4,92.2,1,78.5,75.5,
Cayman Islands,2008,4,104.1,99.6,2,94.4,103.3,2,84.9,95.9,
Cayman Islands,2010,4,100.6,105.1,,,,,,,
Cayman Islands,2015,4,95.6,116.8,2,98.3,103.7,2,91.5,96.2,
Cayman Islands,2022,5,102,76.6,2,93.2,118.4,2,87.3,115.2,
Central African Republic,2002,411,72.9,50.1,53,17.4,9.7,19,10,4.9,
Central African Republic,2005,412,67.6,47.8,,,,,,,
Central African Republic,2009,608,90.2,65.7,72,19.9,11.5,22,9,5.1,
Central African Republic,2010,637,92.2,67.4,,,,,,,
Central African Republic,2012,662,90.2,69,99,27,13.8,27,10.3,6.2,
Central African Republic,2017,1029,124.9,96.3,108,23.5,16.5,30,10.6,6.4,
Chad,2005,1262,85.9,58.9,182,28.1,10.6,63,16.6,4.6,
Chad,2010,1727,96.1,71.3,307,37.4,17,124,24.4,8.9,
Chad,2015,2270,102.4,80.4,357,35.4,17.8,156,25.6,9.2,
Chad,2021,2719,98.2,80.4,443,31.9,20.7,221,27.2,13.6,
Chad,2022,2833,98.7,81.8,,,,240,27.5,14.9,
Chile,2005,1721,107.7,102.9,601,103.4,101.2,1029,85.5,88.4,
Chile,2010,1547,104.7,101.7,527,98.6,98.2,992,85.4,89.7,
Chile,2015,1478,103.2,100.1,514,105.2,103.2,1032,98.4,100.3,
Chile,2022,1545,101.7,98.6,554,107.5,103.7,1050,106.7,105.9,
China,2001,130133,115,116.9,62791,85.1,82.3,23726,38.3,35.4,
China,2003,,,,67153,88,87.4,28471,40.9,37.3,
China,2010,101019,104.8,105.2,54525,104.2,107.6,44693,78.7,78.5,
China,2012,99540,103.1,103.8,50780,102.7,106,44224,82.2,84.4,
China,2015,95958,96.6,97.8,44411,,,41716,83.1,89,
China,2022,108020,99.4,101,50287,,,43454,88.1,91.1,
Hong Kong,2005,451,102,99.4,257,101.1,100.2,241,69.4,70.4,
Hong Kong,2010,349,106.2,104.7,241,102,98.8,267,78.2,79.8,
Hong Kong,2015,333,106.2,104,183,112.1,108.9,211,107,102.7,
Hong Kong,2022,353,102.2,99.9,178,106.6,104,161,100.1,97,
Macao,2005,37,104.9,100.6,27,115.3,112.2,20,69.3,77.3,
Macao,2010,25,102.7,99.6,20,107.2,102.6,18,76.8,82.1,
Macao,2015,24,98,101.8,14,110.9,107.2,16,92.2,97.6,
Macao,2022,37,83.1,87.1,16,98.2,92.5,13,83.2,86.3,
Colombia,2005,5298,125.7,122.3,3192,92.7,98.3,1105,64.2,74.3,
Colombia,2010,5085,125.4,123.3,3681,105.5,111.7,1398,76,89.7,
Colombia,2015,4479,117.1,113.9,3458,104.9,108.6,1335,73.5,86.9,
Colombia,2022,4140,106.2,103.4,3405,107.2,107.5,1445,84.7,95.8,
Comoros,2004,104,102.8,94,29,54.1,41.3,14,41.3,29.1,
Comoros,2008,111,105.3,99.5,,,,,,,
Comoros,2014,120,114.2,107.1,45,64,68.5,25,50.2,54.5,
Comoros,2018,124,106.6,105.8,51,72.9,76.4,23,44,49.4,
Congo,2004,584,109.7,102.6,184,59.5,52.8,51,26.5,18.5,
Congo,2005,597,110.1,102.1,197,62.8,55.1,,,,
Congo,2010,705,111.8,105.7,,,,84,39.8,23.3,
Congo,2012,734,101.7,109.2,244,61.5,62.3,95,44.3,25.2,
Congo,2014,787,105.4,103.7,,,,115,46.1,35.6,
Congo,2015,842,106.8,107.9,,,,140,,,
Congo,2018,783,89,86.3,346,74,71,171,59.3,50.7,
Cook Islands,2003,2,107.4,101.6,1,96.4,102.3,1,58.9,74.5,
Cook Islands,2005,2,111.2,108.4,,,,,,,
Cook Islands,2010,2,97.6,97.8,1,99.8,100.7,1,66.8,77.4,
Cook Islands,2015,2,93.8,92.6,1,92.4,94.2,1,73.2,74.3,
Cook Islands,2022,2,103.1,102.7,1,129.1,118.8,1,78.8,79.8,
Costa Rica,2005,542,112,111.3,246,94.7,100,102,53.5,63.6,
Costa Rica,2010,521,114.1,112.7,287,116.9,117.6,127,68.1,82.4,
Costa Rica,2015,473,106.8,106.7,291,129.2,126,169,95.2,113.6,
Costa Rica,2022,482,106.4,108.9,281,120.4,126,220,134.7,163.5,
Ivory Coast,2003,2046,75.3,60.1,,,,,,,
Ivory Coast,2009,2383,75,62.1,,,,,,,
Ivory Coast,2015,3371,90.3,81.3,1179,58.9,43.7,408,31.9,21.8,
Ivory Coast,2022,4253,96.8,92.5,1833,70,65,690,40.3,33.5,
Croatia,2005,196,100.4,99.9,208,105,107.4,192,90.3,94.6,
Croatia,2010,167,98.2,98,208,103.9,106.9,181,87.3,97.7,
Croatia,2015,162,98.5,99,179,106.5,110.7,182,91.7,96.5,
Croatia,2021,152,95.8,96.1,177,107.2,113,149,93.1,98.5,
Cuba,2005,895,104.9,101.4,490,99.7,97.7,448,83.8,89.9,
Cuba,2010,853,101.8,99.6,415,97.3,95.3,394,87.9,89.1,
Cuba,2015,746,105.6,99.8,408,99.4,93.8,418,90.8,101.4,
Cuba,2022,749,100.6,99.1,348,99.1,94.2,392,106.9,114.9,
Curacao,2010,19,,,,,,,,,
Curacao,2013,21,178.9,172.6,4,,105.7,7,75.3,83.2,
Curacao,2015,18,,,,,,,,,
Curacao,2020,13,115.1,111.5,9,,115.3,6,127,185.6,
Curacao,2022,14,,,,,,,,,
Cyprus,2005,61,99.9,99.8,32,94.4,95.1,32,91.1,95.6,
Cyprus,2010,55,101.6,101.6,31,96.6,96.6,33,86,88.1,
Cyprus,2015,54,99.3,99.3,27,100,99.2,30,100.3,99.6,
Cyprus,2021,59,99,99.2,29,104.5,103.7,28,102.3,99.5,
Czechia,2005,503,107.5,106,495,98.7,99.5,481,92.1,94.2,
Czechia,2010,463,101.1,100.9,379,103.1,102.7,458,94.6,96.2,
Czechia,2015,535,96.8,97.1,370,99.7,100.1,400,108.9,110.7,
Czechia,2021,564,99.9,99.8,457,96.2,96.4,413,103.6,105.8,
North Korea,2009,1547,102.9,103.1,,,,,,,
North Korea,2015,,,,1048,,96.5,1100,94.9,96.9,
North Korea,2018,1508,92.9,93.4,,,,1090,98.8,101.4,
Democratic Republic of the Congo,2002,5455,70.4,55.1,,,,,,,
Democratic Republic of the Congo,2010,10572,102.7,88.6,1561,57.5,37.3,1923,43.4,22.4,
Democratic Republic of the Congo,2015,13763,105.9,103.6,2152,69.1,45.4,2467,45,27.7,
Democratic Republic of the Congo,2021,20169,126.1,118.6,3404,88.2,57.9,3945,59.2,36.4,
Denmark,2005,414,98.2,98.2,234,116.6,119.1,231,123.9,129.9,
Denmark,2010,403,100.1,100.2,248,115,116.8,256,121.8,122.3,
Denmark,2015,469,101.4,100.4,242,118.9,118.7,312,143.7,153.2,
Denmark,2022,436,100.6,99.9,245,118.6,118.7,292,143.4,140.6,
Djibouti,2005,51,46.3,38.1,22,34.8,23.6,9,20.5,13,
Djibouti,2009,56,53.5,47.9,32,45.8,34.8,13,26.7,18,
Djibouti,2015,63,58.6,51.9,38,45.8,37.8,22,39.8,30.1,
Djibouti,2022,72,67.9,60.8,47,56.9,48.9,24,37.4,31.9,
Dominica,2005,9,105.8,102.4,5,133.6,123.5,2,82.6,101.2,
Dominica,2010,8,107.7,102.4,4,125.1,113.5,2,82,106.5,
Dominica,2015,8,105,99.7,4,110.1,96.6,2,77.3,82.8,
Dominica,2022,6,93.5,90.2,3,99.7,86.5,2,73.9,82.6,
Dominican Republic,2005,1290,111,105.5,316,75.9,85.7,492,58.2,72.4,
Dominican Republic,2010,1318,117.3,103.5,355,89.8,92.4,550,65.1,77.7,
Dominican Republic,2015,1307,117,106.8,351,88,90.3,579,70,80.5,
Dominican Republic,2022,1155,102.3,98.6,515,89.5,91.3,356,56.5,68.9,
Ecuador,2005,1998,109.4,109.2,605,69.5,67.5,448,50.5,54.2,
Ecuador,2010,2114,113.9,113.9,955,103.6,105.5,700,75.3,81.5,
Ecuador,2015,1998,106.4,106.7,1043,111.1,114.2,889,94.1,99.2,
Ecuador,2022,1846,96.3,98.8,953,99.4,100.3,906,94.7,98.2,
Egypt,2004,7928,91.5,89.4,4636,91.1,86.2,3694,71.2,69,
Egypt,2005,9564,92.5,88.3,,,,,,,
Egypt,2010,10542,96.2,92.8,4474,85.1,85.1,2372,46.4,44.1,
Egypt,2014,11128,94.9,93.1,4814,86.9,87.4,3394,64.3,63.2,
Egypt,2021,14555,99.8,99.7,5957,96.9,94.7,4354,76.6,72.7,
Egypt,2022,13818,91.4,91.8,,,,4199,72.6,69.1,
El Salvador,2005,1045,118.7,115.3,338,82.9,81.8,187,50,51.5,
El Salvador,2010,940,112.7,109.3,386,87.1,88,191,45.1,47.7,
El Salvador,2015,741,105.8,103.3,366,87.1,88.5,234,51.9,56.7,
El Salvador,2019,626,88.3,89.1,287,75.8,77.9,201,49.4,53.8,
El Salvador,2021,603,,,271,,,186,49.1,56,
Equatorial Guinea,2005,76,72.9,69.8,22,29.2,24,4,9.1,4.1,
Equatorial Guinea,2010,85,61.9,63.1,,,,,,,
Equatorial Guinea,2015,93,52.8,52.8,27,28.6,30.7,,,,
Equatorial Guinea,2019,118,52,50.4,,,,,,,
Eritrea,2005,378,108.5,87.2,139,85.2,54.3,78,41.9,21.8,
Eritrea,2010,286,75.4,62.9,152,70.9,56.5,96,41.6,29.5,
Eritrea,2015,362,82.9,69.7,147,63.2,52.4,99,34.2,28.8,
Eritrea,2019,347,78.3,65.7,177,67.1,58.4,89,27,25.5,
Estonia,2005,86,105,102.1,64,112.6,108.5,61,93.1,103.9,
Estonia,2010,73,99.9,99.3,42,112,106.2,53,110.3,114.4,
Estonia,2015,80,97,96.8,37,104,101.9,41,112.6,116.3,
Estonia,2022,88,99.5,99.1,47,103.9,102.6,49,117.9,128.7,
Eswatini,2005,222,113.9,102.8,51,57.4,56.6,20,37.4,33,
Eswatini,2010,241,132.9,118.1,61,76.3,72.4,28,50,46.4,
Eswatini,2015,241,131.6,118.8,68,88.3,88.1,32,66.7,64.8,
Eswatini,2016,239,129.1,117.2,71,92.6,92.4,37,77.4,74.1,
Eswatini,2019,236,126.4,115.4,,,,,,,
Ethiopia,2005,10020,82.5,70.2,2290,38.4,23.6,199,7.2,5,
Ethiopia,2010,13635,94.1,87.9,3610,45,39,597,17.9,12.8,
Ethiopia,2015,16198,101,93.1,4233,43.6,42.1,796,17.6,17.4,
Ethiopia,2022,15521,88.7,82.2,5449,48,47.4,,,,
Fiji,2004,113,101.8,100.2,68,90.1,93.7,34,60.8,66.5,
Fiji,2009,101,94.2,92.1,64,88.8,93,34,58.8,68.9,
Fiji,2015,109,99.8,96.4,63,96.3,96.1,37,70.9,81.9,
Fiji,2022,116,110.5,105.5,61,98.8,77.6,37,71.4,84.8,
Finland,2005,382,100.1,99.4,199,100.6,100.5,232,117.6,127.8,
Finland,2010,347,100,99.4,193,100.8,100.3,234,111.2,121.6,
Finland,2015,355,99.8,99.3,178,101.6,101.2,362,184.9,212.6,
Finland,2022,367,98.8,98.4,191,102.5,102,343,172.1,205.9,
France,2005,4015,105.1,104.1,3352,106.6,105.4,2684,106.5,108.9,
France,2010,4159,103.4,102.1,3249,103.1,102.7,2624,109.6,112.7,
France,2015,4256,102.3,101.7,3376,101,100.5,2607,105.4,108.6,
France,2022,4214,102.9,102.4,3458,100.8,100.7,2787,108.5,109.6,
Gabon,2002,282,137,134.1,79,,,27,,,
Gabon,2003,280,134.4,131.5,,,,,,,
Gabon,2011,318,133,127.3,,,,,,,
Gabon,2019,270,102.7,98.5,146,77.4,83.6,59,46.2,49,
Gambia,2005,205,75.4,77.4,66,60.6,52.8,,,,
Gambia,2010,229,72.2,74.3,75,55.5,57.1,49,42.9,37.1,
Gambia,2015,294,76.5,81.9,90,56.3,58.7,,,,
Gambia,2021,401,85.6,96.9,119,56,67.8,250,133.7,158.1,
Gambia,2022,414,86.3,98.5,123,54.8,68.9,,,,
Georgia,2005,338,104.1,102.1,213,103.4,100.1,103,74.7,72.4,
Georgia,2008,311,110.8,105.7,174,104.2,101.8,132,99.8,99.2,
Georgia,2009,299,110.1,105.3,167,106.6,103.7,174,,,
Georgia,2010,289,109.2,105.6,167,111.4,108.3,,,,
Georgia,2015,289,109.4,105.8,139,111.9,107.8,138,102.3,103.1,
Georgia,2022,346,104.3,104.8,140,95.2,92.2,149,118,112.7,
Germany,2005,3306,103.5,103.4,5431,103.6,103.3,2837,100.2,95.2,
Germany,2010,3068,104.6,104.1,4917,103.9,102.9,2747,113.8,101.2,
Germany,2015,2879,102.9,102.4,4543,102.1,100,2570,109.8,98.4,
Germany,2021,3038,101.3,101.4,4468,100.8,99.1,2384,110.8,96,
Ghana,2005,2930,90.2,84.9,1010,67.8,58.6,360,20.6,14.7,
Ghana,2009,3659,100.9,97.4,1272,82.2,73.7,540,28.3,22.5,
Ghana,2015,4342,103,101,1591,85,81.2,848,52.4,46.1,
Ghana,2022,4760,97.8,95.2,1784,80.5,81.5,1506,72.5,72.2,
Gibraltar,2001,2,107.7,107.8,1,117.3,121.2,1,103.1,103.2,
Gibraltar,2009,3,147.2,157.1,1,111.8,112.8,1,108.6,105,
Gibraltar,2022,3,125.1,129.4,1,133.1,127.6,1,60.6,52.4,
Greece,2005,650,103.5,102.1,335,108.7,104.6,381,105.8,103.6,
Greece,2010,643,101.6,100.2,353,115.5,107.8,364,112.8,108.9,
Greece,2015,644,100.7,99.5,321,100.2,97,342,109.1,102.4,
Greece,2021,611,98.8,98.5,341,104.9,102,349,108.6,106.6,
Grenada,2005,14,99.1,98.7,8,109.1,106.6,5,82.9,95.5,
Grenada,2010,14,108.5,104.7,8,130.1,124.3,4,81.3,104.8,
Grenada,2015,13,106.7,101.6,5,106.4,97.3,4,94.4,106.1,
Grenada,2016,13,102.3,97.8,6,107.9,105.7,4,90.7,101,
Grenada,2021,12,86.4,80.3,,,,3,88.6,90.9,
Guatemala,2005,2345,114.3,106.5,508,55.6,49.1,247,27.3,28.5,
Guatemala,2010,2653,119.2,115.1,731,71.9,65,351,35,35.5,
Guatemala,2015,2382,106.7,101.4,819,76.4,68,401,36.5,37.2,
Guatemala,2022,2415,105.2,102.6,689,61.3,60.4,354,29,33.8,
Guinea,2005,1207,85.8,70,311,46.5,24.2,109,26.5,12.1,
Guinea,2008,1364,90,76.8,380,48.7,30.1,150,31.7,16,
Guinea,2010,1453,93.8,78.6,,,,,,,
Guinea,2015,1649,98.1,81.1,448,48.2,32.8,219,34.9,21.9,
Guinea,2021,2072,104.3,91.5,501,46.3,34.5,249,32.7,25.8,
Guinea-Bissau,2000,150,90,61.5,20,27.5,15.5,6,13.1,7.2,
Guinea-Bissau,2005,252,,,,,,12,,,
Guinea-Bissau,2010,279,116.3,110.3,,,,,,,
Guyana,2005,117,104.1,103.1,53,100,100.8,18,58,60.2,
Guyana,2010,99,101.5,100.4,55,105.8,109.8,25,72.7,78.8,
Guyana,2012,94,102.7,103.6,56,114,114.4,30,89.6,96.4,
Guyana,2015,81,90.8,91.5,,,,,,,
Guyana,2021,91,99.5,99.9,42,93.2,97.7,21,66.4,74.8,
Holy See,2005,0,,,0,,,0,,,
Holy See,2010,0,,,0,,,0,,,
Holy See,2015,0,,,0,,,0,,,
Honduras,2005,1232,101.9,102.5,336,55.7,67.1,,,,
Honduras,2010,1275,98.5,99.1,404,62.3,71.6,251,54.2,76.1,
Honduras,2012,1217,93.8,94,406,60.4,69,253,53.6,73.7,
Honduras,2015,1154,90,90.2,399,,,239,,,
Honduras,2021,1046,82.9,84.8,364,,,217,,,
Honduras,2022,1067,,,366,,,208,,,
Hungary,2005,431,101.7,100.2,489,101.4,99.8,472,94.3,94.2,
Hungary,2010,388,101.1,99.8,419,103.2,100.5,486,102.3,101.9,
Hungary,2015,396,101,100.6,385,100.5,99.2,441,107.7,110.3,
Hungary,2021,368,101.8,101.1,390,98.4,97.5,393,101.2,101.6,
Iceland,2005,31,100,98.3,14,99.3,99.1,20,114.9,118.3,
Iceland,2010,30,98.8,98.8,13,98.9,98.3,22,114,118.2,
Iceland,2015,30,98.5,98.9,13,99.1,98.4,24,133.6,136.4,
Iceland,2021,33,98.5,98.6,14,99,98.5,23,131.6,124.1,
India,2003,125569,108,104.2,46845,73.9,62.7,34205,44.4,33,
India,2005,,,,51644,79.4,69.1,37818,47.9,36.2,
India,2010,138414,111.9,113.2,59421,84.4,81,48266,54.9,48.5,
India,2015,127828,103.2,105.3,66460,86.8,90,63083,66.2,62.9,
India,2022,131348,111.3,110.8,66914,90.9,92.9,72184,75.2,71.3,
Indonesia,2005,29150,111.8,110.1,9682,74.1,77.1,6311,50.2,48.9,
Indonesia,2010,30342,112,116,11797,88.1,91.6,8179,63.8,64,
Indonesia,2015,29700,111.2,107.5,13400,99.4,103.5,10356,79.3,76.2,
Indonesia,2022,28830,102.4,98.8,14137,101.8,99.7,12947,95.2,99.1,
Iran,2005,6207,111,107,4424,98.7,88.1,4642,66.5,66.9,
Iran,2010,5630,108.3,106.1,3322,107.5,100.4,4025,73.8,70.8,
Iran,2014,7441,109.3,114.5,2103,103.5,97.3,3692,90.1,84.6,
Iran,2015,7670,106.1,112,,,,,,,
Iran,2020,8670,101.9,107.2,3432,95.2,92.5,2690,80.1,79.4,
Iraq,2004,4335,103.7,86.1,1131,68.8,44.2,576,37.9,26.7,
Iraq,2007,4864,113,94.1,1307,71.6,51.2,731,43,33.2,
Iraq,2005,454,103.3,102.9,175,100,103.9,142,113,130.2,
Iraq,2010,506,103.2,103.3,183,106.6,108.3,154,126.9,141.6,
Iraq,2015,545,101.4,101,190,103.4,103.8,165,133.7,141.5,
Iraq,2021,557,99.4,100.6,219,107,109.1,230,164.1,192.5,
Israel,2005,722,95.3,95.7,317,89.7,90.9,356,104.6,103.1,
Israel,2010,807,97.6,97.7,367,97.2,99.1,341,93.8,95.8,
Israel,2015,884,97.6,97.9,407,97.2,97,378,95.1,96,
Israel,2021,998,96,96.5,452,96.2,96.6,435,96.8,98.2,
Italy,2005,2771,104.4,103.5,1792,107,103.8,2715,95.1,95.8,
Italy,2010,2822,101.1,100.5,1778,107.5,105.2,2849,98.4,98.7,
Italy,2015,2856,100.6,100.2,1773,105.8,103.1,2833,99.5,99,
Italy,2021,2671,102,101.2,1751,103.8,102.1,2898,102.5,101.4,
Jamaica,2005,326,94.6,93.1,162,92.9,92.1,85,68.2,76.5,
Jamaica,2010,294,100.8,98.7,154,90.7,90.6,106,81.7,96.6,
Jamaica,2015,259,92.8,97.8,131,90.7,96.4,84,77.6,81.5,
Jamaica,2022,213,91.7,89.8,110,86.1,85.7,74,80.7,81.4,
Japan,2015,6638,102.6,102.3,3551,101.7,101.6,3670,102.5,103,
Japan,2021,6380,102.2,102.2,3276,101,100.9,3438,103,103.7,
Jordan,2005,805,90.9,90.9,449,87.1,87.4,176,72.1,75.3,
Jordan,2010,820,86.1,85.1,518,80.4,81.1,192,60.4,69.3,
Jordan,2014,980,87.8,87.3,534,77.7,79.3,215,57,66.8,
Jordan,2022,1114,,,713,75,73.7,277,62,65,
Kazakhstan,2000,1208,99.4,96.8,1443,89.6,88.9,551,96,97.1,
Kazakhstan,2005,1024,103.7,100.2,1477,100.2,95.5,,,,
Kazakhstan,2010,958,103.3,103.3,1255,103.2,100.3,563,97.9,98.5,
Kazakhstan,2015,1196,100.7,100.3,1209,102.4,102.9,470,97.9,105.5,
Kazakhstan,2020,1513,102,101.6,1519,93.7,93.2,504,97.6,97.2,
Kazakhstan,2022,1559,100.7,101.1,1693,96.2,95.8,,,,
Kenya,2005,6076,106.4,101.3,1522,86.1,84.4,947,29,25.9,
Kenya,2009,7150,110.2,107,1681,90.5,83.6,1523,45.2,39.3,
Kenya,2015,8169,106.1,104.8,2168,93.8,93.4,,,,
Kenya,2022,7814,98.1,96.2,2408,94.8,81.8,,,,
Kiribati,2005,16,106.1,107.2,7,98.7,103.9,5,59.7,73.3,
Kiribati,2008,16,102.8,106.7,7,94.4,96.1,5,62.4,73.3,
Kiribati,2010,16,102.7,109,7,86,96,,,,
Kiribati,2015,16,104.6,105.1,7,90,102.9,,,,
Kiribati,2020,18,100.8,102.1,8,103.7,105.2,,,,
Kuwait,2005,203,109.7,110.7,138,103,106.7,107,105.5,124.1,
Kuwait,2010,214,103,104,164,102.9,105.3,100,88.9,96.8,
Kuwait,2012,230,99.4,101.5,166,97.6,100.7,109,82.5,98.6,
Kuwait,2015,264,99.2,105,,,,,,,
Kuwait,2021,265,,,,,,,,,
Kyrgyzstan,2005,434,97.7,96.2,539,86.6,85.6,183,74.4,71,
Kyrgyzstan,2010,391,100,97.2,516,93.7,92.4,177,71.3,72.5,
Kyrgyzstan,2015,451,102.3,99.7,472,95.4,92.7,171,79,82.4,
Kyrgyzstan,2022,585,94.8,93.5,624,98.4,96.2,189,88.9,86.7,
Lao People's Democratic Republic,2005,891,122.8,108.5,244,57.6,46.5,150,40.2,29.1,
Lao People's Dem. Rep.,2010,916,126.4,116.5,335,61.4,51.4,99,36.8,30.4,
Lao People's Dem. Rep.,2015,850,116.7,111.6,444,78.1,73.3,196,46.8,42.4,
Lao People's Dem. Rep.,2022,739,98.2,96.2,400,66.9,66.6,190,45.3,41.5,
Latvia,2005,84,106.1,103.5,162,107.2,103.2,110,97.1,101.4,
Latvia,2010,114,103.9,101.9,64,108.2,104,83,100,100.7,
Latvia,2015,117,99.4,99.4,55,104.4,101.5,62,122.9,121.4,
Latvia,2022,119,99.4,99.5,63,101.1,100.2,61,108.1,110.8,
Lebanon,2005,476,,,218,,,160,,,
Lebanon,2010,462,,,215,,,168,,,
Lebanon,2015,491,,,205,,,177,,,
Lebanon,2022,520,,,212,,,198,,,
Lesotho,2005,422,125.5,123.7,70,40.6,52.5,25,22.8,26.1,
Lesotho,2010,389,120.5,115.8,95,56.2,78.5,31,28,37.6,
Lesotho,2015,362,111.8,105.9,93,58.9,78.2,40,37.9,49.8,
Lesotho,2017,368,113.1,106.9,99,61.6,80.6,38,35,49.3,
Lesotho,2022,316,90.7,86.6,,,,,,,
Liberia,2000,496,131.4,94.6,77,47.9,30.2,58,33.7,28.1,
Liberia,2009,605,102.8,90.4,118,50.9,39.2,,,,
Liberia,2015,684,95.5,84.7,142,48.8,38,85,33.6,24.4,
Liberia,2020,608,73.6,72.2,168,44.6,43,106,31.7,30.4,
Libya,2005,714,103.1,100.5,368,99.7,99.5,333,72.1,102.1,
Libya,2006,755,110.1,103.6,378,103.7,101.6,355,77.7,107.6,
Liechtenstein,2005,2,104.9,106.7,2,97,96,2,136.4,104.6,
Liechtenstein,2010,2,108.6,102.3,2,103.1,103,2,137.6,96.2,
Liechtenstein,2015,2,106.5,104.8,2,101.9,94.1,2,167.5,110.9,
Liechtenstein,2021,2,103.3,100.8,2,103.1,99.7,2,160.7,121,
Lithuania,2005,158,103.2,102.4,318,107.7,105,106,96.9,101.9,
Lithuania,2010,122,101,99.8,238,105.6,102.3,105,106.8,108.3,
Lithuania,2015,108,102.2,101.9,183,106,102,81,119.6,114,
Lithuania,2021,117,101.5,101.3,168,106.7,105.8,60,121.9,115.6,
Luxembourg,2005,35,99.9,99.8,18,102.2,106.4,18,82,89.1,
Luxembourg,2010,35,97.5,98.5,21,112.1,114.4,21,88.3,91.5,
Luxembourg,2015,36,97.2,97.6,22,113.6,114.5,25,94.4,100.4,
Luxembourg,2021,41,98.4,98.5,23,118.6,111.1,26,95.8,104.6,
Madagascar,2005,3598,134.3,131.4,496,26.9,26.9,126,11,10,
Madagascar,2009,4324,148.2,147.4,830,39.6,38.8,193,14.6,13,
Madagascar,2010,4242,142.7,142.2,,,,,,,
Madagascar,2015,4764,142.4,143.4,1163,48.3,49.5,374,22.9,21.7,
Madagascar,2021,5349,143.6,147.8,1200,42.1,45.4,423,22.2,22.9,
Madagascar,2022,5125,136.1,140.4,,,,,,,
Malawi,2005,2868,137.8,134.4,442,42.1,32.9,74,17.2,10.6,
Malawi,2010,3417,136.9,135.1,589,45.8,40.4,103,19.9,13.6,
Malawi,2015,4205,138.6,138,795,50.5,45.5,167,25.3,20.3,
Malawi,2022,4288,124.2,128.7,893,41.1,43,204,21.8,19.8,
Malaysia,2005,3202,96.6,97.1,1423,86.8,89.3,1066,60.2,75,
Malaysia,2010,3234,98.1,99.3,1517,90.1,92.1,1099,59,69.1,
Malaysia,2015,3108,98.7,98.9,1433,85,89,1369,77,87.7,
Malaysia,2022,3024,97.9,97.6,1391,91.3,92.1,1243,73.9,81.9,
Maldives,2004,63,119.9,120.5,26,91.8,112.3,3,18.9,13.5,
Maldives,2005,58,113.3,115.2,29,102.2,121.9,,,,
Maldives,2010,42,101.3,103.2,25,99.7,121.1,,,,
Maldives,2015,42,97.3,100.9,18,101.3,105.5,,,,
Maldives,2019,49,95.3,99.2,16,97.7,96.9,4,27.4,37.5,
Maldives,2020,51,96.3,99.6,17,88.9,94.7,,,,
Mali,2005,1506,80.4,63.1,317,41.9,26.3,113,16.4,9.5,
Mali,2010,2019,86.6,74.1,511,56.5,41.1,248,31.8,19.6,
Mali,2015,2227,76.2,68,632,54,45.8,314,33.8,23.5,
Mali,2020,2734,78.6,70.6,719,48.3,43.7,314,25.5,20.6,
Mali,2021,2743,76,69.2,730,47.4,42.8,,,,
Malta,2005,30,103.7,102,28,99.7,101.5,12,115.6,93.8,
Malta,2010,25,103.2,102,26,108.7,105.6,11,113.5,86.6,
Malta,2015,25,99.1,101.6,13,102.9,102,17,86.2,94.8,
Malta,2022,27,93.5,93.6,14,101.9,99.5,18,103,105.7,
Marshall Islands,2005,8,82.3,104.7,2,84.8,82.3,3,56.3,59,
Marshall Islands,2009,8,99.6,100.6,2,87.4,91.6,3,67.6,72.6,
Marshall Islands,2015,8,110.1,109.6,4,91.8,100.9,1,66.3,77.3,
Marshall Islands,2022,6,103.8,106.5,3,148,148.5,3,91,104.6,
Mauritania,2005,444,86,88.1,55,26.4,23.1,38,20.3,17.2,
Mauritania,2010,531,96.6,97.8,78,25.9,22,32,16.7,12.2,
Mauritania,2015,633,95.4,97.3,135,39.6,35.2,52,24.2,19.2,
Mauritania,2020,654,83.8,89.7,172,38.7,40.2,87,30.5,30.4,
Mauritius,2005,124,103.7,103.2,65,98.7,99.9,64,79.2,75.3,
Mauritius,2010,117,101.1,101.3,58,98.4,100.5,69,79.1,83.8,
Mauritius,2015,102,100.7,101.4,64,111.7,108.3,65,78.4,88.3,
Mauritius,2020,83,97.3,98.7,55,114.3,110.5,59,75,83.1,
Mauritius,2021,84,101.7,104.1,53,116.2,109.8,,,,
Mexico,2005,14700,109.4,107.6,7016,101.6,109,3548,53.7,56.6,
Mexico,2010,14906,111.7,110.2,7627,108.8,118.4,4055,59,62.7,
Mexico,2015,14398,107.4,106.6,8660,123.6,135.5,4813,71.4,73.4,
Mexico,2022,13502,101.9,102.1,7882,111,125.9,5231,73.2,83.8,
Micronesia (Fed. States of),2005,19,112.3,108.4,6,97.8,104.1,8,79.2,80.8,
Micronesia (Fed. States of),2007,19,110.6,110.8,5,100.9,100,,,,
Micronesia (Fed. States of),2015,14,96.8,91.1,4,86.5,87.1,,,,
Micronesia (Fed. States of),2022,13,91.4,91.6,4,78.9,82.3,,,,
Monaco,2000,2,132.9,133.5,2,138.4,152.8,1,144.4,179.9,
Monaco,2004,2,,,2,,,1,,,
Monaco,2008,2,130.3,118.9,2,141.4,153.6,1,157.6,138.2,
Monaco,2010,2,,,2,,,1,,,
Monaco,2015,2,,,2,,,1,,,
Monaco,2016,2,141.8,147.3,2,156.4,157.6,1,155,146.2,
Monaco,2022,2,,,2,,,2,,,
Mongolia,2005,251,97.9,98,235,93,99.9,104,74.1,91.1,
Mongolia,2010,274,119,118,179,88.7,93.3,97,88.1,100.7,
Mongolia,2015,251,97.9,98.1,,,,123,84,90.4,
Mongolia,2022,372,95.2,95.9,239,93.7,95.9,141,99,107,
Montenegro,2005,38,109.7,105.3,36,101.1,97.4,32,82.1,83.7,
Montenegro,2010,35,109,104.2,38,111.1,106.7,32,87.9,89.4,
Montenegro,2015,38,99.7,97.1,31,96.6,93.8,29,88.4,86.1,
Montenegro,2022,38,100.7,100.7,31,97.7,96.2,25,84,86.4,
Montserrat,2005,1,114.2,112.4,0,112.1,113.6,0,77.8,88.7,
Montserrat,2009,0,104.6,107.2,0,106.8,118.4,0,100,114.3,
Montserrat,2010,1,111.5,106.6,,,,,,,
Montserrat,2015,0,101.7,96.1,0,103.9,113.6,0,83.5,84.6,
Montserrat,2022,0,161.7,188.2,0,110,106.1,0,101.9,113.1,
Morocco,2005,4023,110.8,101.2,1265,68.6,58.6,683,37,32.7,
Morocco,2010,3945,110,104.5,1467,85.9,71.1,926,49.4,47.1,
Morocco,2012,4017,111.5,106.8,1525,90.5,74.4,1029,58,52.7,
Morocco,2015,4039,110.7,104.7,1667,98,84.5,,,,
Morocco,2022,4675,115.6,112.6,2028,110.4,99.6,1217,63.7,69.1,
Mozambique,2005,3943,112,93.8,269,22.7,15.8,37,5.3,3.3,
Mozambique,2010,5278,123.9,110.7,556,37.8,31.3,116,13.5,10.1,
Mozambique,2015,5902,119.8,109.2,805,43.9,40.2,268,23.9,21.9,
Mozambique,2022,7656,124.3,118,1021,45.7,42.7,398,28.1,27.4,
Myanmar,2005,4948,102.4,106.8,1938,50.8,50.5,651,33.7,35,
Myanmar,2010,5126,106.9,110.2,2179,56.4,60.6,674,33.4,38.6,
Myanmar,2014,5177,112.6,113.9,2503,65.2,67.8,689,34.5,40.3,
Myanmar,2018,5300,119.2,118.5,3059,80.2,87.7,1128,53.5,66.4,
Namibia,2005,404,113.2,109.3,120,77.1,85.8,28,32.6,33.2,
Namibia,2007,410,117.3,112.5,124,73.9,83.6,34,34.1,38.3,
Namibia,2010,407,120.3,114,133,82.4,91.2,,,,
Namibia,2015,443,132,124.1,153,100.4,107.2,,,,
Namibia,2022,545,135.9,130.1,175,113.9,119.7,,,,
Nauru,2002,2,97.2,94.4,1,52.1,63,0,7.3,8.8,
Nauru,2005,2,115.1,119.4,,,,,,,
Nauru,2007,1,83.3,85.3,0,48.1,55.3,0,41.3,49.3,
Nauru,2008,1,85.5,90.3,,,,,,,
Nauru,2014,2,112.4,104.3,1,78.3,77.6,0,88.7,91,
Nauru,2015,2,99.7,96.7,,,,,,,
Nauru,2019,2,96.4,104,1,74.8,91.6,0,101.4,87.3,
Nauru,2022,2,93,97,1,91.2,100.6,,,,
Nepal,2005,4030,121.8,108.9,1445,75.7,64.7,609,27.3,21.6,
Nepal,2010,4901,150,143,1604,78.3,77.7,1090,40.9,39.1,
Nepal,2015,4335,138,148.1,1835,90.6,96.9,1341,50,51.2,
Nepal,2022,3485,121.8,115.7,1777,102.9,101.3,1736,69.7,72.3,
Netherlands (Kingdom of,2005,1278,109.3,106.5,783,130.9,125.5,627,105.8,107.2,
Netherlands (Kingdom of,2010,1294,107.3,106.2,762,134.1,127.2,713,117,120.2,
Netherlands (Kingdom of,2015,1208,106.5,105.6,816,58.9,97.8,797,129.4,138,
Netherlands (Kingdom of,2021,1155,104.7,104.1,754,75.5,96.1,839,131.3,140.3,
New Zealand,2005,353,100.2,99.4,260,103.7,102.4,266,133.9,149.9,
New Zealand,2010,348,98.9,99.1,249,103.4,102.5,263,134.1,145.9,
New Zealand,2015,368,98.6,98.5,242,102.3,101.8,245,123.9,138.8,
New Zealand,2021,385,97.8,98.1,276,102.6,102.2,263,132.1,146.8,
Nicaragua,2005,945,116.7,111.2,301,73.5,76.9,137,48,59.8,
Nicaragua,2010,924,117.4,112.8,320,76.6,78.8,146,47.8,58.7,
Nicaragua,2015,854,109.3,106,,,,,,,
Nicaragua,2021,881,108.9,105.4,,,,,,,
Nicaragua,2022,872,,,276,,,162,,,
Niger,2005,1064,55.1,39.3,152,15.1,10.2,30,4.7,2.9,
Niger,2010,1726,68.2,54.9,267,20.9,15.1,39,5.3,3.1,
Niger,2015,2445,80.7,68.3,482,32,23.1,114,11.5,9,
Niger,2017,2768,83.7,72.4,642,38.3,29.3,144,14.2,9.5,
Niger,2022,2910,70.9,65.7,,,,,,,
Nigeria,2005,22115,108.5,90.8,3624,41.2,35,2773,35.4,28.2,
Nigeria,2010,21558,87.3,78.6,5010,48.6,42.7,4047,43.6,37.7,
Nigeria,2015,25443,86.8,80.6,6180,49.6,46,4936,45.4,40.8,
Nigeria,2021,30456,87.1,86.3,7901,51.4,50.6,6047,43.2,43,
Niue,2004,0,86.5,98.9,0,77.1,75.4,0,86.7,196.9,
Niue,2005,0,91.7,98.9,,,,,,,
Niue,2015,0,105,88.6,0,93.9,109,0,91.2,82.1,
Niue,2021,0,100.9,89.7,0,101.4,105.6,0,121.1,92.3,
North Macedonia,2005,110,90.8,91.6,118,93.6,92.7,96,74.7,69.2,
North Macedonia,2010,111,82.2,82.5,101,85.7,86.2,96,77.7,75.7,
North Macedonia,2015,109,95.3,96,85,79.3,78.9,84,74.3,74.5,
North Macedonia,2022,106,90.8,92,81,86.9,87.4,71,75,76.4,
Norway,2005,430,99.1,99.4,186,98.3,98.8,217,124.7,126.8,
Norway,2010,424,99.6,99.6,192,99.9,99.8,243,127.4,124.6,
Norway,2015,431,99.4,99.3,195,102.4,103.7,249,130.7,123,
Norway,2021,444,98.9,99,201,102.8,106.2,256,140.9,129.6,
Oman,2005,312,96.1,97.9,168,101.3,94.5,134,76.6,77.5,
Oman,2009,302,102.5,99.4,166,111.8,106.6,156,91.5,88.5,
Oman,2015,351,102,106.2,149,106,105.6,138,98.9,98.1,
Oman,2022,331,89.2,91,382,90.8,89.8,108,100.3,96.7,
Pakistan,2005,17258,82.4,63.4,4550,38.9,28.8,2302,,,
Pakistan,2010,18756,80.8,67.8,5501,43,33.9,4154,26.1,19.8,
Pakistan,2015,19847,81.1,68.2,6582,47.8,38.7,5496,32.6,24.5,
Pakistan,2021,24277,91,77.4,8357,54.7,47,7064,37.8,31.1,
Palau,2004,2,102.8,103,1,101.2,93.8,1,90.7,97.9,
Palau,2005,2,,,1,,,1,85.7,100.3,
Palau,2007,2,,,1,,,1,94.3,99.1,
Palau,2014,2,114.4,102.6,0,105,107.3,1,104.5,114.6,
Palau,2021,2,105.5,104,1,96.4,114.2,1,93.2,93.5,
Panama,2005,430,110.4,107,155,80.6,82.5,101,49.9,57.4,
Panama,2010,440,107.6,104.4,182,91,92.3,102,48.7,56.8,
Panama,2015,418,97.1,94.9,195,92.7,94.2,122,56.3,64.2,
Panama,2021,466,101.3,100.2,209,94.8,95,152,67.1,74.2,
Panama,2022,473,101.9,101,202,90,91.4,,,,
Papua New Guinea,2005,532,59.6,53.4,,,,,,,
Papua New Guinea,2008,601,61.2,56.8,,,,,,,
Papua New Guinea,2012,1132,104,95.8,243,75.2,63.1,136,23.4,16.8,
Papua New Guinea,2018,1394,111.9,106.9,449,61.1,52,69,21.4,15,
Paraguay,2005,934,117.2,115,321,81.1,82.6,208,54.1,57.5,
Paraguay,2010,839,112,108.5,331,83.7,87.3,230,58,62.8,
Paraguay,2013,791,107.9,105,322,83.3,86.5,251,,,
Paraguay,2015,727,99.6,96.8,,,,253,63.9,69.9,
Paraguay,2022,715,93.7,92.7,299,80.3,82.2,298,77.5,88.3,
Peru,2005,4077,114.6,112.9,1640,92.5,89.5,829,72.1,68.3,
Peru,2010,3763,111.9,109.8,1779,109.4,102.8,896,81.1,79.3,
Peru,2015,3513,100.4,98.9,1686,106.3,101,996,95.1,91.6,
Peru,2022,3819,107.4,107.9,1859,101.7,102.2,1138,95.3,94.4,
Philippines,2005,13084,105.8,106.1,4917,80.4,88.3,1435,69.8,85.3,
Philippines,2009,13687,107.9,107.4,5287,84.5,89.3,1480,68.3,81.5,
Philippines,2015,14453,109.7,107.5,5696,86.7,92.6,1624,73.6,82.1,
Philippines,2022,12728,92,91.7,8750,94.8,98.5,3825,80.5,95.1,
Poland,2005,2724,100.5,99.4,1652,101.8,99.5,1793,101.1,101.8,
Poland,2010,2235,99,98.2,1332,102.1,99.4,1510,99.6,99.8,
Poland,2014,2153,99.5,99.7,1150,102.6,99,1492,120.5,116.1,
Poland,2022,1533,100.3,99.9,1603,96.9,95.4,1622,113.3,111.3,
Portugal,2005,753,116.6,112.2,363,103.5,106.5,306,80.4,95.9,
Portugal,2010,734,111.3,108.1,379,115.8,113.7,341,96.6,104.5,
Portugal,2015,657,108.9,105,385,117.6,115,394,117,117.8,
Portugal,2021,583,105.4,104.4,343,114.5,111.5,394,121.2,125.7,
Puerto Rico,2010,300,99,99.2,156,93.9,96.5,135,75.2,83.3,
Puerto Rico,2015,251,104.3,102.2,145,107.7,105.9,134,90.4,95.7,
Puerto Rico,2018,209,101.4,99.5,110,97.4,97,109,87.2,91.5,
Qatar,2005,70,93.2,99.4,29,83.1,97.5,26,77.9,108,
Qatar,2010,89,102.1,104,37,99.1,100.1,32,94.6,98.6,
Qatar,2015,130,101.7,102.2,52,100.3,100.2,44,102.1,106.2,
Qatar,2020,164,102.2,102,65,104.9,104.2,58,113,109.6,
Qatar,2022,167,,,72,,,63,,,
Republic of Korea,2005,4032,100.2,100.5,2021,97.5,98.4,1775,96.2,96.6,
Republic of Korea,2010,3306,100.9,100.7,1986,100.1,99.9,1974,94.6,94.8,
Republic of Korea,2015,2722,100.2,99.9,1598,101.6,100.9,1799,96.4,96.2,
Republic of Korea,2022,2674,99.2,98.9,1361,99.6,99.6,1271,96.7,95.7,
Republic of Moldova,2005,184,98.6,97.2,280,92.4,92.4,114,73.2,84.8,
Republic of Moldova,2010,141,93.7,93.3,208,89.5,88.2,100,81.9,90.7,
Republic of Moldova,2015,139,106.3,105.2,162,105.8,105.9,71,101.2,105.6,
Republic of Moldova,2022,138,107,106,161,104.4,103.8,69,82.6,83.7,
Romania,2005,970,103,101.3,1026,82.2,80.4,1063,78.9,82.8,
Romania,2010,842,100.5,99.5,869,98.9,97.8,953,107.1,105.8,
Romania,2015,947,94.5,83.5,785,98.9,86.8,778,94,85.9,
Romania,2021,877,91.3,90.2,713,84.8,83.1,730,87.2,89.8,
Russian Federation,2005,5309,96.7,96.3,7730,81.8,82.2,4703,96.6,92.4,
Russian Federation,2009,5015,95,95.6,6404,89.6,90.9,3210,93.6,82.7,
Russian Federation,2015,5983,99.2,100,6549,95.1,96.3,2836,112.8,102,
Russian Federation,2022,7681,102.2,101.7,9272,117,110.9,1368,43.3,48.4,
Rwanda,2005,1858,133.2,135.3,142,22.8,20,76,12,10.5,
Rwanda,2010,2299,144.6,146.5,299,41.6,43.6,127,20.4,18.3,
Rwanda,2015,2451,130.9,133.6,336,39.5,44.7,231,32.5,32,
Rwanda,2022,2743,134.9,135,541,50.3,61,260,25.9,29.5,
Saint Kitts and Nevis,2005,6,110.1,107.7,2,96.8,91.6,1,70.9,93.5,
Saint Kitts and Nevis,2010,6,118.8,115.6,3,119.5,110.7,2,97.8,98.2,
Saint Kitts and Nevis,2015,5,116.4,111,3,120.1,121.2,2,100.4,106.9,
Saint Kitts and Nevis,2021,5,126.1,121.1,2,123.2,117.2,2,128.3,117.4,
Saint Lucia,2005,24,104.4,101.7,9,78.5,94.9,5,67.8,84.9,
Saint Lucia,2010,19,99.8,98.4,10,100.5,97.8,6,91.1,100,
Saint Lucia,2015,17,96,95.5,8,94.7,94.4,5,85.5,89.2,
Saint Lucia,2022,15,102.7,104.6,7,85.3,93,4,83.7,89.8,
Saint Vincent & Grenadines,2005,18,117,107.5,7,91.3,109.1,3,52.8,82.1,
Saint Vincent & Grenadines,2010,14,111.8,105.7,8,124.3,118.3,4,79.6,100.6,
Saint Vincent & Grenadines,2015,13,115.8,114.2,7,137.6,127.4,3,89.5,104.6,
Saint Vincent & Grenadines,2022,12,109.9,111.3,6,139.2,128.5,3,105.7,128.1,
Samoa,2005,31,100.2,98.7,9,91.6,94.6,15,67.4,79.7,
Samoa,2010,31,105.4,103.2,10,103.5,98.6,16,65.5,79.1,
Samoa,2015,32,105.9,105,9,102.6,98.3,17,71.5,83,
Samoa,2016,33,105.8,106.1,9,101.8,101.7,17,72.3,81.9,
Samoa,2022,35,104.3,103.9,10,98.3,99.5,,,,
San Marino,2000,1,93.7,90.9,1,92.7,95.7,0,19.1,23.7,
San Marino,2004,1,,,1,91,99.5,,,,
San Marino,2010,2,87.9,98.4,1,94.7,90.4,1,90.8,98,
San Marino,2015,2,92.6,95.9,1,95.9,96,2,95.8,94,
San Marino,2022,2,96.6,99.1,1,96.2,95,1,44.6,36.1,
Sao Tome and Principe,2005,30,126.4,124.5,5,61.4,71.2,3,26.9,26.5,
Sao Tome and Principe,2010,34,120,117.5,9,67.2,72.2,1,21.3,17.1,
Sao Tome and Principe,2015,36,110.4,104.1,15,99.3,105.1,7,56.4,62.7,
Sao Tome and Principe,2017,37,112.5,106.7,16,104.4,111,9,64.4,76.7,
Saudi Arabia,2005,3098,93.5,91.1,1382,100,86.9,1228,99.3,88.4,
Saudi Arabia,2009,3255,94.2,95.1,1609,103.4,89,1388,95.7,82.5,
Saudi Arabia,2010,3321,,,,,,,,,
Saudi Arabia,2015,2906,100.3,105.2,1348,105,108.3,1299,101.3,98.7,
Saudi Arabia,2022,3311,103.6,101.7,1603,108.3,107.3,1800,133.5,133.2,
Senegal,2005,1444,83.5,80.7,312,33,25.6,94,15.3,10.1,
Senegal,2008,1618,84,86.5,451,44.2,36.8,131,20,13.5,
Senegal,2010,1695,81.8,86.8,,,,,,,
Senegal,2014,1927,80.3,90.1,786,59.2,62.6,308,38,33.3,
Senegal,2015,1977,80.1,89.8,806,,,330,,,
Senegal,2022,2321,76.5,90.2,892,48.6,60.3,394,32.8,39,
Serbia,2005,325,104,104.4,335,99.3,98.6,298,77.8,83.7,
Serbia,2010,283,94.7,94.2,304,100.8,100.2,287,83.5,87.6,
Serbia,2015,279,102.3,102.1,290,101.7,101.1,263,91.2,94.6,
Serbia,2022,254,88.8,89.5,257,94.1,94.4,246,84.6,88.7,
Seychelles,2005,9,99.9,95.7,5,107.9,112.1,4,54.9,65.1,
Seychelles,2010,9,102.9,104.7,4,98.9,94.5,3,45.8,52.9,
Seychelles,2015,9,99.2,100.2,4,105,107.9,3,50.1,58.9,
Seychelles,2022,10,97.3,98,5,94.4,99.1,3,56.8,64,
Sierra Leone,2001,554,84.6,61.4,84,30.5,20.4,71,26.3,21.1,
Sierra Leone,2015,1360,114.1,118.7,289,55.6,53.3,160,27.9,22.3,
Sierra Leone,2021,1964,147.6,155.9,537,87.2,92.2,409,55.2,55.6,
Singapore,2010,264,103.4,102.5,100,104.7,102.8,115,115.7,113.6,
Singapore,2015,239,102,101.3,85,105.4,104.2,101,111.2,109.6,
Singapore,2021,234,100.1,99.7,82,100.2,100.3,85,106.2,105.6,
Singapore,2014,4,,,1,,,2,,,
Slovakia,2005,242,103.3,102.6,360,98.5,97.5,303,91,93.8,
Slovakia,2010,212,101.8,101.5,280,96.7,95.4,269,92,95.1,
Slovakia,2015,216,98.3,98.3,254,96.8,96.1,200,85,88.6,
Slovakia,2022,233,100.2,100.4,274,96.4,95.8,183,85.1,88.9,
Slovenia,2005,93,98.7,97.7,81,96.2,95.7,100,100.3,100.7,
Slovenia,2010,107,98,98.1,55,95.6,95.3,83,101.3,100,
Slovenia,2015,116,98.4,98.3,55,98.6,98.6,89,117.2,118.4,
Slovenia,2022,133,101,100.3,65,97.3,97.9,90,115.4,118.3,
Solomon Islands,2005,75,99.2,95.4,16,49.8,43.5,7,19.8,13.7,
Solomon Islands,2010,95,112.2,112.6,26,69.3,67.1,14,36.8,26.1,
Solomon Islands,2012,98,110.2,111.6,28,71.3,72.3,13,30.8,26.3,
Solomon Islands,2015,104,110.6,112.4,32,75,79.1,,,,
Solomon Islands,2019,107,103.8,104.9,33,71.3,76.8,,,,
Somalia,2007,457,29.8,16.8,40,9.6,4.6,47,7.3,3.4,
Somalia,2021,250,,,,,,,,,
Somalia,2005,7314,99.1,96.2,1983,82.5,86.2,2674,70.6,77.4,
Somalia,2010,7024,109,106.3,2011,92.9,95,2679,75.5,83.6,
Somalia,2015,7556,114.5,108.8,2032,108.7,112.3,3248,110.6,109.4,
Somalia,2021,7698,99.3,96.9,2190,106.6,108.2,3164,105.8,124.7,
South Sudan,2015,1274,83.8,59.3,108,24.8,14.7,56,8.4,3.8,
South Sudan,2018,,,,,,,88,11.3,6.4,
South Sudan,2021,1703,,,205,,,,,,
Spain,2005,2485,105,103.6,1983,114.2,114.7,1125,113.8,133.7,
Spain,2010,2721,101.5,100.9,2011,119.4,118,1174,124.6,135.5,
Spain,2015,3010,101.5,102.9,1625,121.9,117.7,1688,127.8,132.5,
Spain,2021,2927,102.7,103.1,1724,111.7,111.4,1883,122.3,132,
Sri Lanka,2005,1611,98.4,97.8,1340,98.8,98.3,,,,
Sri Lanka,2010,1721,98.3,97.2,1285,98.3,94.2,1239,88.9,93.7,
Sri Lanka,2015,1778,98,97.1,1348,95,95.5,1264,89.3,99.4,
Sri Lanka,2021,1665,95.8,97.9,1388,96.5,97.4,1211,81.1,89,
State of Palestine,2005,387,93,91.3,544,94.2,95.3,113,65.2,71.4,
State of Palestine,2010,403,92.4,89.4,559,91.1,92.8,152,72,85.6,
State of Palestine,2015,450,96.6,94.2,581,90.7,92.5,140,63.3,80.3,
State of Palestine,2022,504,92.1,91.5,589,94.6,95.7,266,71,88,
Sudan,2005,3177,70.3,61.4,729,51.7,45.4,616,28.3,28.5,
Sudan,2010,4024,79.8,71.5,933,63.8,52.2,754,33.9,31.2,
Sudan,2015,4518,79.7,72.6,1027,59.7,54.7,1033,39.7,41.9,
Sudan,2018,5118,80.6,74.9,1108,60.4,58,1108,39.4,42.3,
Suriname,2005,66,111,104.5,32,77.7,92.5,13,34.7,59.4,
Suriname,2010,71,110.5,104.8,35,83.7,88.7,15,39.7,70.7,
Suriname,2015,72,110.4,106.8,39,84.7,94.8,15,36.6,62.3,
Suriname,2021,63,100.4,95.6,37,80.1,88,14,34.9,47.6,
Sweden,2005,658,100.5,100,387,101.6,101.3,349,101.6,101.3,
Sweden,2010,576,99.4,99,337,103,101.8,394,102.6,101.7,
Sweden,2015,792,117.3,122.1,334,108,113.3,510,148.5,179.7,
Sweden,2022,878,112.7,120.4,413,108.7,114.6,596,153,185,
Switzerland,2005,524,104.2,103.7,297,109.9,112.6,278,86,74.5,
Switzerland,2010,493,103.5,103.3,290,110.5,113.5,316,89,82.5,
Switzerland,2015,490,102.4,101.9,262,107.4,107.1,353,104.2,98.8,
Switzerland,2022,539,101.4,101.3,267,102.9,102.8,350,106.9,100.5,
Syrian Arab Republic,2005,2252,123.5,118.2,1955,92.9,86.5,434,34.5,33.6,
Syrian Arab Republic,2010,2429,119.3,114.8,2232,95.8,93.3,499,36.1,38.6,
Syrian Arab Republic,2013,1547,70.8,68.7,1446,59.9,57.5,411,29.5,32.3,
Syrian Arab Republic,2022,2170,74.4,74.3,866,46.5,51,455,25.2,29.9,
Tajikistan,2005,693,102,93.8,802,98.1,84,182,66.7,39.2,
Tajikistan,2010,682,97.2,93.6,826,100.1,89.1,206,73.6,47.5,
Tajikistan,2013,665,92.8,90.9,827,98.3,90.9,236,79.4,57.2,
Tajikistan,2015,683,92,90.5,822,95.1,90.9,,,,
Tajikistan,2017,771,96.7,95.1,810,91.5,89.2,,,,
Thailand,2005,5975,105.4,103.3,2753,94,96.6,1780,61.5,70.1,
Thailand,2010,5147,104.7,103.6,2798,94.5,95.7,2009,63.5,76.3,
Thailand,2015,5081,108.6,102.4,3290,139.8,129.3,3467,127.3,127.8,
Thailand,2022,4725,102,101.2,2596,104.6,116.6,2439,100.6,101.3,
Timor-Leste,2003,184,,,38,,,21,,,
Timor-Leste,2005,178,117,111.4,,,,,,,
Timor-Leste,2010,230,128.2,127.8,61,76.9,80.6,41,57.2,55.7,
Timor-Leste,2015,244,125.8,127.9,78,81.2,88.2,51,58.3,62.9,
Timor-Leste,2020,203,110,111.6,89,88,98.7,73,70.6,84.1,
Togo,2005,997,119.6,102.9,316,75.5,43.6,89,34.5,14.2,
Togo,2007,1022,115.6,101.4,300,68.5,39.8,109,39.9,17,
Togo,2010,1287,131.3,120,,,,,,,
Togo,2011,1300,128.7,118.7,400,,,146,,,
Togo,2015,1498,130.5,125.9,,,,,,,
Togo,2021,1629,122.5,119.7,630,85.9,73.2,222,47.4,35.6,
Togo,2022,1672,123.7,121.2,,,,,,,
Tokelau,2003,0,87.6,117.5,0,115.4,117.6,0,19.2,23.9,
Tokelau,2021,0,95.9,88.6,0,105,100,0,35.2,74.5,
Tonga,2001,17,108.3,106.6,10,102.6,109.2,4,86.3,92.6,
Tonga,2005,17,107.1,105.3,,,,,,,
Tonga,2006,17,106.7,104.4,10,101.5,100.7,4,80,90.1,
Tonga,2010,17,105,101.1,,,,,,,
Tonga,2015,17,112.6,107.6,13,106.9,106.3,3,65.4,76.1,
Tonga,2022,17,109.8,109.9,11,114.5,111.2,5,63.2,88,
Trinidad and Tobago,2004,137,98,95.5,61,83.3,87.8,44,78.7,86.6,
Trinidad and Tobago,2005,130,94.5,92.5,57,81.8,84,,,,
Trinidad and Tobago,2009,131,99,96,55,92.7,93.6,,,,
Trinidad and Tobago,2010,131,98.9,96.3,,,,,,,
Trinidad and Tobago,2022,130,,,56,,,34,80,89.8,
Tunisia,2005,1184,108.8,105.7,650,102.9,102.8,589,60.1,72.8,
Tunisia,2010,1030,106.4,104.9,583,110.8,104,580,64.9,78,
Tunisia,2011,1028,105.5,104.3,579,115.7,106.3,573,66.6,78.4,
Tunisia,2015,1115,106.3,105.9,488,101.3,100.7,520,,,
Tunisia,2016,1139,106.3,106.1,530,109,107.5,517,69.9,87.4,
Tunisia,2022,1321,105,102.7,582,103.6,107.2,,,,
Türkiye,2005,6678,106.4,102.7,3620,101.9,91.3,2725,81.1,64.7,
Türkiye,2010,6635,104.6,104.5,3892,100.7,98.5,3639,76.3,68,
Türkiye,2015,5434,107,107.6,5278,105.5,108.8,5691,109.8,104.8,
Türkiye,2021,5328,103,102.2,5213,100.3,102,6319,130.5,124.7,
Turkmenistan,2022,623,109.7,110.9,788,110.7,111.8,82,41.1,40.9,
Turks and Caicos Islands,2004,2,95.2,96.8,1,97.3,91.5,0,63.9,77.1,
Tuvalu,2001,1,95.3,107.5,1,91.6,106.4,0,26.5,24.9,
Tuvalu,2002,1,84.7,97.5,1,88.2,88.3,,,,
Tuvalu,2005,1,104.3,101.6,,,,,,,
Tuvalu,2006,1,106,101.9,,,,,,,
Tuvalu,2014,1,106.7,110.5,1,97.3,102.2,0,41.9,69.3,
Tuvalu,2015,1,110.8,115.9,,,,,,,
Tuvalu,2022,1,99.9,96.9,1,97.2,102.7,0,68.9,89.5,
Uganda,2004,7377,128.6,124.6,609,25.1,20.3,124,12.7,8.6,
Uganda,2005,7224,121.7,118.8,,,,,,,
Uganda,2008,7964,121.9,121,,,,189,15.9,11.8,
Uganda,2010,8375,120.5,120.5,,,,,,,
Uganda,2015,8264,103.4,103.8,,,,,,,
Uganda,2017,8841,104.8,106.2,1254,31.3,29.6,181,11.9,7.6,
Ukraine,2005,1946,109.5,108.9,2698,98.8,89.9,1345,98.7,94.1,
Ukraine,2010,1540,99.6,100.6,2289,105.7,105.8,844,85.7,78.3,
Ukraine,2015,1537,87.1,88.7,1714,91.6,92.6,656,89.8,83.2,
Ukraine,2021,1722,90.8,91.6,1985,85.8,87.3,632,79.8,78.5,
Ukraine,2022,1695,,,2032,,,,,,
United Arab Emirates,2005,263,98.1,101.3,178,96.1,94.8,,,,
United Arab Emirates,2010,327,91.4,97.6,211,63.5,75.6,,,,
United Arab Emirates,2015,461,125.5,125.8,260,83.6,105,,,,
United Arab Emirates,2020,462,113.9,117.9,357,107.6,111.9,318,138.9,131.6,
United Kingdom,2005,4635,105.8,105.8,2347,101.1,100.5,3414,107.7,111,
United Kingdom,2010,4422,106,105.4,2458,111.4,107.5,3081,97.3,100.9,
United Kingdom,2015,4621,99.8,99.8,2335,112.9,109.7,4040,131.2,140.6,
United Kingdom,2022,4865,98.5,98.6,2768,110.8,110.5,3535,109.7,116.3,
United Rep. of Tanzania,2005,7541,108.6,103.4,,,,,,,
United Rep. of Tanzania,2010,8419,102.4,101.5,1669,51.1,38.5,157,11.1,7.3,
United Rep. of Tanzania,2015,8298,82.3,85.4,1648,36.9,36,126,7.9,4.9,
United Rep. of Tanzania,2021,11197,94.6,97.6,2185,35.9,39.5,153,6.8,5.1,
United Rep. of Tanzania,2022,11421,93.5,97.6,,,,,,,
United States of America,2005,,102.4,101.3,,101.6,100,,86.6,91.7,
United States of America,2015,24786,100.3,100.3,12549,100.4,100.7,11868,93.9,95.6,
United States of America,2022,23520,97,97,12907,99.6,99.7,12293,93.1,97.6,
Uruguay,2005,366,112.5,109.5,173,104.8,114.1,150,86.9,105.4,
Uruguay,2010,342,111.6,108.3,174,102.2,108.9,147,79.5,104.1,
Uruguay,2015,317,110.4,108,180,,,160,,,
Uruguay,2022,291,105.8,105.2,165,114.7,119.7,180,112.4,136.8,
Uzbekistan,2005,2383,98,97.6,3143,97.7,98,1373,75.9,72,
Uzbekistan,2010,1971,95.3,94.2,2850,96.1,95.6,1599,82.1,83,
Uzbekistan,2015,2135,98.7,97.7,2405,93.5,92.7,1559,91.3,90.6,
Uzbekistan,2022,2464,94.5,93.8,2997,100.3,99.9,1026,68,65.4,
Vanuatu,2004,39,114.4,112.9,9,42.7,43.6,5,44.4,25.8,
Vanuatu,2005,39,112.7,111.1,,,,,,,
Vanuatu,2010,42,117.7,115.8,14,62.7,65.5,6,41.8,36.7,
Vanuatu,2015,46,114.4,110.8,15,66.8,67.2,5,33.9,33.7,
Vanuatu,2022,56,112.3,108.6,21,69.6,75.5,15,82.1,77.8,
Venezuela (Boliv. Rep. of),2005,3449,103.4,102.6,1408,81.3,88.9,620,50.7,63.4,
Venezuela (Boliv. Rep. of),2010,3458,101.8,100.3,1478,85.7,91.6,777,64.4,76.8,
Venezuela (Boliv. Rep. of),2015,3476,100.6,98.8,1646,93.7,99,877,72.3,84.3,
Venezuela (Boliv. Rep. of),2017,3285,95,93.1,1534,86.8,92,857,70.5,82.1,
Venezuela (Boliv. Rep. of),2018,3313,,,,,,,,,
Viet Nam,2005,7773,106.5,101,6671,97.4,92.6,,,,
Viet Nam,2010,6923,101.8,97,5214,88.6,92,,,,
Viet Nam,2015,7544,106.8,106.9,5099,90.9,92,3454,95.3,71.8,
Viet Nam,2022,9201,122.2,124.2,5926,102.9,105.5,3689,89.4,86.3,
Yemen,2005,3220,95.1,70.9,853,61.9,32,602,50.4,23,
Yemen,2010,3427,91.9,75.7,976,61.3,39.7,586,38.7,22.9,
Yemen,2013,3875,96.6,81.8,1066,62.7,44.2,702,43.5,29.4,
Yemen,2016,3900,89.2,78.4,1156,63.2,47.6,760,44.9,31.7,
Zambia,2005,2573,118.2,109.8,264,51.1,42.9,,,,
Zambia,2010,2899,111.4,110,442,72.4,63.2,,,,
Zambia,2015,3216,104.8,102.9,471,64.8,59.9,,,,
Zambia,2020,3416,93.6,96,515,56.7,58,,,,
Zimbabwe,2003,2362,112.2,106.9,387,67.6,59.6,372,33.2,25.2,
Zimbabwe,2013,2663,105.9,100.4,467,68.8,68.6,491,45.2,39.1,
Zimbabwe,2015,2658,104.3,98.8,,,,,,,
Zimbabwe,2022,2943,96.2,95.4,,,,,,,
