iso3c,group,mean_cycle1,se_cycle1,mean_cycle2,se_cycle2,change,se_change,significant
AUT,All adults,269.45115336647797,0.7366537258147489,254.36980745623876,0.8804423412298494,-15.081345910239207,1.1479710048546738,TRUE
AUT,Foreign-born,247.88685757356168,2.107852568262196,224.03589966394946,2.632518335681623,-23.85095790961222,3.3724168243604584,TRUE
BEL,All adults,275.4803187095841,0.8303333831319804,274.74029685172945,0.9547185585913247,-0.7400218578546287,1.2652829933505376,FALSE
BEL,Foreign-born,241.6742377863722,3.308446051173773,231.2402887470492,3.6509469817932736,-10.43394903932301,4.926989865769236,TRUE
CAN,All adults,273.3363730162793,0.5632302539873646,270.7703141974079,0.8702682282874602,-2.5660588188713973,1.0366267931002295,TRUE
CAN,Foreign-born,255.6815714879348,1.3322042704901262,258.9756297404465,1.7339219920238118,3.2940582525116895,2.1866078049654796,FALSE
CHL,All adults,220.14672036571784,2.3663789981331482,217.88994995582175,2.1531372328037617,-2.2567704098960917,3.199335791393502,FALSE
CHL,Foreign-born,224.59277623143552,7.219057285323221,202.9028773077907,4.275901463568852,-21.68989892364482,8.39035883707774,TRUE
CZE,All adults,274.01165797990524,0.9821076520762553,260.20563739258904,0.9826846708609576,-13.806020587316198,1.3893180350847834,TRUE
CZE,Foreign-born,268.06645275735673,5.452008444745215,260.0533584222018,6.108043023418418,-8.013094335154904,8.187343015747144,FALSE
DEU,All adults,269.80836798343967,0.9156747546557419,266.0915960882278,0.7566849639347034,-3.7167718952118776,1.187868844173765,TRUE
DEU,Foreign-born,240.68670248807445,2.5907467920722347,221.21481691877185,2.435989397072648,-19.4718855693026,3.5561233504032077,TRUE
DNK,All adults,270.7875430220033,0.6233313781884703,273.03369294336665,0.8118741620083079,2.246149921363326,1.0235632183558716,TRUE
DNK,Foreign-born,237.5968644660921,1.9580537348466456,253.03381318994118,2.7399129345227213,15.436948723849099,3.367654572148368,TRUE
ESP,All adults,251.7898349357051,0.7144633556406941,247.2376104366419,0.8799015796939613,-4.552224499063215,1.133439313109127,TRUE
ESP,Foreign-born,232.18481160576064,2.6077963991346924,226.93050275372792,2.3034306550255756,-5.254308852032722,3.479424498656555,FALSE
EST,All adults,275.8840372622112,0.7217326300638784,275.5402506544947,0.6197503256178944,-0.34378660771653813,0.9513088117968893,FALSE
EST,Foreign-born,256.1534008553912,1.4933407624644777,257.34690830053,2.465139502778127,1.1935074451387777,2.8821830963689967,FALSE
FIN,All adults,287.54570192625755,0.6650219208646819,296.4686129708461,1.2017002516817956,8.922911044588545,1.3734400788249344,TRUE
FIN,Foreign-born,239.5143144874671,4.125012782347299,251.79462888159185,6.027431065712843,12.280314394124758,7.303811039892041,FALSE
FRA,All adults,262.1391371134895,0.5915768024027335,254.80424813884562,0.5638628603578565,-7.33488897464386,0.8172542067386294,TRUE
FRA,Foreign-born,229.46318983560442,1.8280258467372033,211.61876809050793,2.57828515565159,-17.844421745096497,3.1605747642149855,TRUE
GBR,All adults,272.45698901486406,1.0186719017350827,271.6069328627835,1.0311498211173624,-0.8500561520805832,1.4494696950867714,FALSE
GBR,Foreign-born,254.8805798304589,3.388804014500107,249.1195003978661,3.061614859063207,-5.7610794325928225,4.566998816939704,FALSE
HUN,All adults,263.9615866950747,0.8645158980786619,248.45914165865136,0.986527715008111,-15.502445036423325,1.3117258366403706,TRUE
HUN,Foreign-born,269.54290068294415,4.348811847360008,248.31732574831486,4.597807623053735,-21.225574934629293,6.328664900462799,TRUE
IRL,All adults,266.54482187025206,0.9165344455402371,262.7613093729841,1.023210710960111,-3.7835124972679637,1.3736795655775207,TRUE
IRL,Foreign-born,262.8409209324366,2.0244004262205766,257.8813668617693,2.5563232957074393,-4.959554070667252,3.260825950255333,FALSE
ISR,All adults,255.23751259623637,0.7053670167051389,243.6027587196229,1.1341250072348241,-11.634753876613473,1.3355830787678082,TRUE
ISR,Foreign-born,244.70847247733664,1.7526204506443959,228.32072070513112,2.583320927598474,-16.38775177220552,3.1217343671403572,TRUE
ITA,All adults,250.48266456565986,1.0949858499218963,245.4973061456556,1.5491574175023441,-4.985358420004246,1.8970721429960722,TRUE
ITA,Foreign-born,228.21460751319384,3.423694390745769,222.35080170685364,3.0107442307000682,-5.863805806340196,4.559195554472059,FALSE
JPN,All adults,296.2422519476407,0.684984016707147,289.19686474408803,0.8538664637048337,-7.04538720355265,1.0946648075936556,TRUE
JPN,Foreign-born,272.84761325445373,13.247346752548962,251.09635655704247,10.58545955134342,-21.751256697411264,16.957126817223404,FALSE
KOR,All adults,272.5627634509525,0.5845263392986857,249.0192842386481,0.8440798120800853,-23.54347921230439,1.0267140646231911,TRUE
KOR,Foreign-born,235.40434321456536,6.52146907265401,192.86335204099146,5.798546353287185,-42.5409911735739,8.726551362182134,TRUE
LTU,All adults,266.82378716972073,0.983984545919735,238.2995151965813,1.0317388064202686,-28.524271973139435,1.4257315845846958,TRUE
LTU,Foreign-born,253.3656440501192,6.05774618122179,230.08496936661044,4.887624476492836,-23.28067468350875,7.783647077001825,TRUE
NOR,All adults,278.42520996580805,0.6075724259811024,280.84042682685134,0.9524838965913357,2.415216861043291,1.129765385413439,TRUE
NOR,Foreign-born,245.36414381847231,2.554552989550102,239.79566026100494,2.950168786103207,-5.568483557467374,3.9024654826041747,FALSE
NZL,All adults,280.67288036634403,0.8375091204316896,259.57501056955317,1.992649303179055,-21.09786979679086,2.1614978076015334,TRUE
NZL,Foreign-born,275.1496042186432,1.688397302340974,247.36690261944534,2.891414531739247,-27.78270159919788,3.3482776833627717,TRUE
POL,All adults,266.9037694400346,0.6035017263028805,235.72688207066406,1.1050582707351668,-31.17688736937052,1.2591140200040478,TRUE
POL,Foreign-born,265.78516610952335,15.524901460225024,222.9716227289668,13.43684244584556,-42.81354338055655,20.53220154450501,TRUE
SGP,All adults,257.6205280337524,0.719695516356346,254.540432143166,0.7309426389636027,-3.0800958905864206,1.025786906583674,TRUE
SGP,Foreign-born,254.18836239135146,2.0480373542719588,235.3068177755799,1.7704872901236317,-18.88154461577156,2.707227779294274,TRUE
SVK,All adults,273.84560111869484,0.6156703288718086,253.93232031398787,1.224717610562501,-19.91328080470697,1.3707600736361718,TRUE
SVK,Foreign-born,268.318392620693,4.4121105566247865,249.87090583335777,4.93933316365196,-18.447486787335208,6.622970003361933,TRUE
SWE,All adults,279.230843868248,0.6771571847652642,284.0827153264685,0.980281646273267,4.851871458220501,1.1914251797320068,TRUE
SWE,Foreign-born,234.98196824548927,1.8529697835412442,251.1755076183673,3.0361894426587934,16.193539372878035,3.5569570352240127,TRUE
USA,All adults,269.80630158802455,1.0460841192064223,258.20852407065956,1.430211945767468,-11.597777517364989,1.7719475709715125,TRUE
USA,Foreign-born,239.4430001665942,3.0876336556729718,220.44997233705064,5.05086018511439,-18.993027829543564,5.919853900327119,TRUE
