sample,label,depth,n,mean,se,pct_ale,se_ale,pct_tertiary,se_tertiary,pct_below_l2,se_below_l2
all,ALL,0,126629,257.8116880216826,0.23045759040487926,41.02501243349444,0.17843056453573083,40.70606268585992,0.13084152028041712,27.40318552823146,0.200145512359278
all,female,1,68088,258.60774027451754,0.2856588791512938,41.798703274488076,0.23105326749433855,44.346657555775884,0.1957542635494973,26.27220991476484,0.24615327239872212
all,male,1,58541,257.024783943005,0.3295608191316443,40.26021279095178,0.25413707012404757,37.107305265417125,0.20332609172840171,28.52116405282264,0.28894952192050116
all,female_fb,2,9503,236.77818681393265,0.91296423718124,41.33992149395689,0.6779204785139995,49.170745598362906,0.637889375997614,41.258290987253446,0.8350794280880504
all,female_not,2,58585,262.6590409569595,0.28469172215229255,41.88384761534295,0.24799260921302727,43.45136525332999,0.221705848266913,23.490974806784948,0.2551239541902509
all,male_fb,2,7764,235.4993332924026,0.9886880094812921,43.04138636554822,0.7676997250338001,45.08240601001984,0.7057648756844932,42.389059039951036,0.8534432127680208
all,male_not,2,50777,260.60504793476315,0.35164630607524516,39.79762848711616,0.26789372535014094,35.780830549973885,0.2227993554191571,26.214558450467425,0.2965292191070875
all,female_fb_natlang,3,4371,246.85860570029405,1.2235526750057444,40.74027512871408,0.9994904013087444,47.513259052238865,0.9832181101586044,34.90888353511863,1.197624456398081
all,female_fb_notnatlang,3,5132,229.23558472137077,1.3451469533173317,41.788602643050496,0.9083429428923785,50.410948176462384,0.8824906497689144,46.00919017853557,1.0840206596546111
all,female_not_natlang,3,56430,263.31145620534977,0.29135880515421475,41.912884163076505,0.25331030808511007,43.5068611624026,0.22832959165794828,23.109793717000557,0.25848245033460976
all,female_not_notnatlang,3,2155,245.66912779650207,1.4641700940530955,41.12769051188831,1.3497221387290625,42.00616500972676,1.1913367751643638,33.41752638543673,1.2738237507985843
all,male_fb_natlang,3,3492,248.71522591376217,1.4566161653631826,44.85876544548139,1.1687108475230696,45.38842447616066,1.0636665514247816,34.45885125614385,1.239171793106229
all,male_fb_notnatlang,3,4272,225.50349899597427,1.3799205561522643,41.666812535593884,1.0190355085209264,44.85094908411784,0.987747936923798,48.38706804428188,1.2280548017084005
all,male_not_natlang,3,48799,261.31281617263915,0.36028457851863827,39.78183137312867,0.2747112702910675,35.6709292482993,0.23070275870609394,25.78690879935384,0.29595892671094753
all,male_not_notnatlang,3,1978,242.32441222585598,1.582708986808619,40.205645222826206,1.2493768689724114,38.61942311789854,1.3010337602541142,37.26013391526905,1.4726243272934008
all,female_fb_natlang_child,4,3263,242.49722537715328,1.4303326604490818,37.379138314147,1.1277737988933203,44.07463456647822,1.0977536801483663,38.10837857393626,1.3702625886699287
all,female_fb_natlang_nochild,4,1108,260.374081118225,2.093233903525517,51.15609732898262,1.8905967260559011,58.16920768900565,1.89450904872914,24.993972808921946,1.971663050628048
all,female_fb_notnatlang_child,4,3792,224.10187151398335,1.5547753303462613,38.60440620551401,1.0304668835108823,46.954364690620274,1.0307208499255947,49.474331046121996,1.2151955857046748
all,female_fb_notnatlang_nochild,4,1340,245.22903189341895,2.2105860089274127,51.70857196192099,1.8392723043438182,61.179505581858145,1.8101977099013364,35.21397331100592,2.010819920229298
all,female_not_natlang_child,4,41676,259.20149679332434,0.33287668641398066,39.856958695974626,0.29245771319832176,41.16108433088627,0.2693452343672631,25.241043321597072,0.31501792893286956
all,female_not_natlang_nochild,4,14754,274.695452338913,0.5810868832321988,47.6075018519767,0.49967254630234276,50.00432542009061,0.4780468305776248,17.20653900665105,0.43055733680296704
all,female_not_notnatlang_child,4,1486,240.24516417348312,1.7291870280670258,36.81401836813913,1.534224415298294,37.52192376571438,1.441517674344806,37.219668353894335,1.6506684239544727
all,female_not_notnatlang_nochild,4,669,258.3544252780942,2.5813173957670084,51.21629327265983,2.2918823518880505,52.49368633418908,2.261134685275699,24.52526506339583,2.0059958801647046
all,male_fb_natlang_child,4,2260,244.59596672917937,1.6338962535643926,43.92858394913947,1.458316295108528,44.16773895896739,1.2848664418270863,36.9292638702598,1.5902943152418194
all,male_fb_natlang_nochild,4,1232,257.09156890471303,2.598705624095534,46.750251003456796,1.859113619857447,47.87063793200871,1.8382554170055285,29.435369494555403,1.8719602058457994
all,male_fb_notnatlang_child,4,2803,219.4064766956091,1.7092252841037452,39.60666384631854,1.2460846495471745,43.63421795826093,1.2250583502107857,52.41838656386394,1.4510024835910202
all,male_fb_notnatlang_nochild,4,1469,238.84359539552545,2.305504824529513,46.17435421060067,1.8427237284590423,47.513119191367295,1.7969946105087111,39.56666768830833,2.1235934482974343
all,male_not_natlang_child,4,30049,259.2454014812301,0.4288034242384484,39.948375162296884,0.33960853453478196,35.977210828007635,0.30288069786169797,27.005889806700342,0.3863870355591961
all,male_not_natlang_nochild,4,18750,264.8121073656631,0.607325671525316,39.49994055697502,0.4530293582771425,35.15251925590027,0.40588905914267076,23.723670339650173,0.44750474621445757
all,male_not_notnatlang_child,4,1234,237.8116306125945,1.9101131902583686,37.937181279529725,1.5303611406748978,36.27676479363346,1.544683393287063,40.62074628633282,1.8169773540945897
all,male_not_notnatlang_nochild,4,744,250.31482233677824,2.6889054100974192,44.22222718538206,2.309031564211366,42.76737495000954,2.158795454248207,31.309774830812305,2.1743444429876257
rich,ALL,0,70369,266.05970734968565,0.3080376649942555,46.82227887521218,0.23841289218832803,42.18482575354922,0.15945030140308172,22.796407828405492,0.24384158586336235
rich,female,1,37227,266.53247216988564,0.4045418033356831,47.15188201888465,0.32327442672606266,45.05213696547034,0.2593509876842124,21.801000575332246,0.3254892358984007
rich,male,1,33142,265.597127234294,0.4443021276472952,46.499776324855276,0.3376626897143617,39.37928461638493,0.2649374384657056,23.770371165596856,0.3547104378381447
rich,female_fb,2,7098,238.04153417895733,1.1326985003221486,42.98488382562722,0.8224930075952549,47.8860643981124,0.7544617494649983,40.42903541761682,0.9870539432287954
rich,female_not,2,30129,273.799006048845,0.4001932492402571,48.2146632286331,0.3546309236103952,44.32935171682872,0.30417222581219117,17.04997250026516,0.32561897519462885
rich,male_fb,2,6074,235.90109308659015,1.1464107980500344,44.85339730348008,0.8997343757467695,44.22006934778134,0.8091879737212527,41.9398588467558,0.9849502283002501
rich,male_not,2,27068,272.5670131249736,0.4954927082134142,46.88619404833708,0.3637647380207295,38.24311548917551,0.3054865102956784,19.505853715222784,0.35739500505135763
rich,female_fb_natlang,3,3049,249.8336340547647,1.5659894680189619,42.52843964746334,1.2588707751037085,46.239773707501,1.214895789079958,32.89886038857055,1.4845338907870005
rich,female_fb_notnatlang,3,4049,230.26767989419128,1.5920807477026702,43.28579126090559,1.0655777179147239,48.97136931190775,1.017372094045381,45.39324739267696,1.2611152114625865
rich,female_not_natlang,3,29388,274.1532856004914,0.40541444394079373,48.284724462606015,0.3589519408682444,44.415793311226686,0.30816294851006815,16.884655008949846,0.3295772939693352
rich,female_not_notnatlang,3,741,258.19216018381195,2.8695036327033647,45.12830141450123,2.4231939716186504,40.52139657567732,2.3191273350743664,24.332596049273455,2.6304186306113446
rich,male_fb_natlang,3,2545,253.08895379035764,1.7540329146945755,48.545749899320846,1.4168817802225575,45.791526736569445,1.2813612427490997,31.249300083270832,1.4684742231824977
rich,male_fb_notnatlang,3,3529,224.6769226175418,1.557002892716709,42.44218419896228,1.1550797934577375,43.19386219375564,1.1111330278042706,48.92110311204324,1.4174644905598963
rich,male_not_natlang,3,26418,272.97829280841165,0.5027375718319576,46.92512769531103,0.3682104606425474,38.223235296861446,0.31532665117445424,19.271530035672825,0.3589745850272151
rich,male_not_notnatlang,3,650,253.72692535686883,3.1583352844760353,45.10270374803856,2.613726553704813,39.15379642754052,2.6167325332998166,30.23985995633432,2.647032794506618
rich,female_fb_natlang_child,4,2180,245.6997921397225,1.874750752748142,39.32436185471687,1.4618337804432526,42.24557075867453,1.37247125814319,35.90934163102918,1.715345099755735
rich,female_fb_natlang_nochild,4,869,261.45911414184405,2.4156681184781554,51.53917187732572,2.129113167357295,57.47255130268909,2.195880846982305,24.432573951883928,2.261456516410019
rich,female_fb_notnatlang_child,4,2975,224.81524025159928,1.8596111831714701,40.0389888074434,1.213079737570631,45.54043500901159,1.1903262308861848,49.023899944070585,1.4679754021435727
rich,female_fb_notnatlang_nochild,4,1074,246.96240390647048,2.548241858631097,53.22711559203998,2.115456196321891,59.476483544384266,2.1008613242988603,34.276619552083666,2.2629168702117415
rich,female_not_natlang_child,4,20937,270.60599086773215,0.48870907526446244,46.43164533763044,0.42115433179024897,42.348347928350314,0.37933369620050195,18.3597751075757,0.41535857180341607
rich,female_not_natlang_nochild,4,8451,282.97901628283233,0.7562865504387251,52.895217393758855,0.6637803432264952,49.55963320172326,0.6234954250857939,13.214530676074702,0.5116643659431839
rich,female_not_notnatlang_child,4,485,252.41447916200661,3.308840747517203,40.301813370823204,2.9556883199879502,35.14243043669865,2.868420170295484,28.3595291488176,3.4345457386732283
rich,female_not_notnatlang_nochild,4,256,269.6809871735638,4.139829836691404,54.72569626766947,3.9425147938267937,51.217385350625165,4.070419128819474,16.32510350938393,2.959618689879556
rich,male_fb_natlang_child,4,1584,248.9366425457106,2.023878017814733,48.44464819735932,1.8223095757248389,44.408251627765274,1.5538053071055182,33.69797859504603,1.9171280763085181
rich,male_fb_natlang_nochild,4,961,260.83460873715796,3.0388673616236694,48.73434339624082,2.143535058920781,48.371865988138644,2.1457258947923483,26.681574373328733,2.2040278471717207
rich,male_fb_notnatlang_child,4,2284,218.02343790299477,1.9466338727953192,40.42867145626383,1.4263853070286365,41.17136184830861,1.3897007749988932,53.5191698870092,1.6660499064135887
rich,male_fb_notnatlang_nochild,4,1245,238.8367128024964,2.591489124215078,46.727294813105104,2.0587617009411203,47.49810001336228,2.0038619334793504,39.1356051988102,2.359834233967465
rich,male_not_natlang_child,4,16357,271.69721566423107,0.5851547790849578,47.70893813639578,0.460219226513982,38.53266121207893,0.4223944485035681,19.596330485527723,0.44590639350620354
rich,male_not_natlang_nochild,4,10061,275.07146709273246,0.8513315675603289,45.64444614813497,0.6131265576725135,37.71765889845487,0.5681621568212017,18.74083291703278,0.5624694632238573
rich,male_not_notnatlang_child,4,377,249.99088488949155,3.880717650738898,47.43209125921579,3.323070460696939,39.54853883565142,3.1994510348463128,33.070053522615716,3.5859108264609665
rich,male_not_notnatlang_nochild,4,273,258.34390403413124,4.831598795518947,42.22405921404716,3.92868111962816,38.6659758867372,3.956303968104877,26.742321998128222,3.7578919060354212
europe,ALL,0,85813,259.54446850071656,0.256698022745902,40.88768803295647,0.20164607777690552,37.861154080475295,0.13451973759407543,26.127742095265106,0.21805389282918283
europe,female,1,46422,260.2556008436511,0.3413792405710991,41.767859175585855,0.2723152075111614,42.08007750783875,0.21638497276457352,24.976407816727395,0.2869284546720813
europe,male,1,39391,258.8410177342466,0.3416919969847767,40.017024406053764,0.2871543273018383,33.687803018408296,0.21414866713344233,27.266639782519903,0.32156627202734106
europe,female_fb,2,6156,238.2494374999493,1.0754042303578353,39.80680505578489,0.8004747294610793,44.500444487700804,0.7548572559126839,40.49085669089726,0.9767577371372952
europe,female_not,2,40266,263.99286987864787,0.3404067791161703,42.10090163843672,0.2933372789961475,41.66903072853926,0.24386336679931048,22.34161553299796,0.30856668484195715
europe,male_fb,2,4951,234.9862599614628,1.1360687131485336,40.51234783179055,0.8857893077129654,38.32026269370879,0.769600826851912,43.08128896744332,0.9686545341488084
europe,male_not,2,34440,262.4949912178571,0.3650615749516811,39.941152805063595,0.30143694272516935,32.97822193698746,0.23350785839599142,24.84421699689664,0.3391211536104476
europe,female_fb_natlang,3,2996,246.17810861555023,1.3910443228340412,38.199877205983775,1.144960672332085,42.803245228027734,1.1231240965680858,35.20578785179632,1.359456457023621
europe,female_fb_notnatlang,3,3160,231.63109416646608,1.6371222744049005,41.14816479527428,1.109745794157458,45.91715697861845,1.0906378829766887,44.90249132780854,1.3183618258899552
europe,female_not_natlang,3,39385,264.2906482184559,0.3461318236482706,42.146504450306416,0.297106036472647,41.6902079479559,0.2498860613680672,22.180373354799155,0.3109696467703686
europe,female_not_notnatlang,3,881,250.6272805748172,2.1682714897640927,40.05404875134273,2.132608590063586,40.718504852472165,2.043624391940167,29.57886701895003,2.1802114366315535
europe,male_fb_natlang,3,2302,249.03496490478557,1.5794356034280423,42.12918061566226,1.2866749699020548,39.9195907374214,1.184515623371879,34.07739086266331,1.3847054046285299
europe,male_fb_notnatlang,3,2649,224.13123120018295,1.55442640559256,39.263067813318145,1.1974930112567688,37.084508082642444,1.0949868328346712,50.03834111462181,1.4638877562281887
europe,male_not_natlang,3,33733,262.86111214029546,0.36577072708526204,39.93201907729436,0.3036050315217259,32.979659493215976,0.2395729396051722,24.618377838901097,0.3329927441695178
europe,male_not_notnatlang,3,707,245.712795259357,2.686693047475335,40.35982324933649,2.2360802096061136,32.91232745008522,2.061315663244566,35.19619846613877,2.492713102475955
europe,female_fb_natlang_child,4,2242,241.5903660331232,1.5783690590315045,34.981740770303375,1.26626125485852,39.63871074324117,1.2243190898691523,38.311521161669084,1.5484221780761436
europe,female_fb_natlang_nochild,4,754,261.26219816953994,2.424432954340176,48.78082356916882,2.1879226344770437,53.207953144302465,2.2150765325434523,24.994412968564244,2.128124873855018
europe,female_fb_notnatlang_child,4,2334,227.42766702007475,1.8966509740459616,37.78605694753538,1.2599969290553157,41.940692734640535,1.2418159609669945,47.84790303782891,1.5630470738410045
europe,female_fb_notnatlang_nochild,4,826,244.8861887716002,2.701803125049381,51.75024163457484,2.3020306938123625,58.45654636546924,2.281082384159298,35.61442482690414,2.5423773898898454
europe,female_not_natlang_child,4,29556,260.70190563193256,0.38880119996641355,40.21105034484111,0.3349928390171799,39.66425834900578,0.29326000642484434,23.96236871707684,0.3753990995623101
europe,female_not_natlang_nochild,4,9829,274.8714637313584,0.6582949993751848,47.85287160534304,0.5930660531148721,47.6633861372828,0.5694684299319237,16.926453989305276,0.51889966716156
europe,female_not_notnatlang_child,4,633,245.33897202845236,2.5369049845804703,36.15729491683044,2.3918738837836573,37.380934302563986,2.4351946059590612,33.87102169625542,2.762882030159269
europe,female_not_notnatlang_nochild,4,248,264.6708233063523,3.748706972869402,50.402202326244044,3.9036617069839377,49.581700754565986,3.8071269057073205,18.180693653568294,3.164739135198117
europe,male_fb_natlang_child,4,1484,243.953096192186,1.7533763380926395,41.05668664061237,1.5714031845292615,37.114722959872054,1.3499106861203407,37.53901632960759,1.7263422247097377
europe,male_fb_natlang_nochild,4,818,259.14602178483034,2.9705100346979028,44.26305069348404,2.120206024618296,45.50024998772684,2.170494524263254,27.190024428558427,2.1903146956944672
europe,male_fb_notnatlang_child,4,1690,218.46808160412473,1.9588036840567118,37.28842187081713,1.4283839154355036,34.917766268070814,1.3184917199751705,54.253232275483306,1.6725797960669895
europe,male_fb_notnatlang_nochild,4,959,236.00592234381816,2.772948887535224,43.40357483816397,2.208165942695661,41.62780848458596,2.215994513356531,41.20040916698182,2.640125397828607
europe,male_not_natlang_child,4,21269,261.24698946728887,0.4773794644816141,40.033136516890224,0.38455881436714623,33.365234095709305,0.3250744531163739,25.460495487303433,0.43910028340834556
europe,male_not_natlang_nochild,4,12464,265.7739226200169,0.6297115235749667,39.749544756932494,0.5206267529707163,32.283859996908006,0.45776645061043336,23.098710745162673,0.5121565396563382
europe,male_not_notnatlang_child,4,439,238.89750407643083,3.180496854507459,38.34074868412242,2.6309032250194266,32.49029713848446,2.5571420081228093,39.95088712400818,3.2273892202394676
europe,male_not_notnatlang_nochild,4,268,257.61911769236013,4.3494913970656075,43.88714910299031,3.9230615272620444,33.64961494544681,3.529882711211859,26.889751285868744,3.385752805835917
deu,ALL,0,3917,266.16736614462627,0.93020460374635,45.929261386670674,0.9162128841855367,37.32191784462699,0.7548326299143199,22.099180879576547,0.7596049895151351
deu,female,1,2015,268.36995646861595,1.4112209257951625,46.19005639148451,1.281586278610477,35.70409858383565,1.0721418487926433,20.093050142605314,1.086474222780941
deu,male,1,1902,263.961138195382,1.3846984733925125,45.668035673301645,1.2159756796998207,38.94240896869392,1.2153589998676768,24.1086247845711,1.1570501297319833
deu,female_fb,2,368,222.32349753964664,3.6875094440738776,37.54233414420649,2.1858961362202707,33.321985526820306,2.4375395873178545,49.60542922007021,3.095725990000893
deu,female_not,2,1647,279.7913364446884,1.3511933999684076,48.335040479534705,1.482766180542769,36.294958749914954,1.1882679331772945,12.772789187000026,1.0003886784850256
deu,male_fb,2,324,211.48541520753943,3.8511588884848407,33.906443544540046,2.8350703815304112,32.34215211445703,2.7661866450512638,56.76911395096873,2.9290949719848345
deu,male_not,2,1578,276.12628922380026,1.308047523857003,48.39465927054469,1.237741912029206,40.47250930626801,1.2648145020208643,16.537127704610782,1.1259465660554664
deu,female_fb_natlang,3,75,242.47872242118194,6.107648450436203,35.22480305554311,5.43125760842278,27.40737972129624,5.832085215254024,40.57329055118251,6.6107932780426815
deu,female_fb_notnatlang,3,293,217.80527350144257,4.3369803772495485,38.061858224718065,2.3888877056060047,34.64787071461108,2.715395987627321,51.63017596886719,3.410474583720034
deu,female_not_natlang,3,1611,279.92984625911106,1.3613328451053157,48.53485737312925,1.4532478994265428,36.252417975182766,1.2089678965650825,12.772516723550448,1.0063741725779427
deu,female_not_notnatlang,3,36,273.46359977947174,7.782634239715091,39.2065271738375,10.629737217676675,38.238408180999144,8.066893695268273,12.785236514050386,6.5976162079473575
deu,male_fb_natlang,3,58,262.21833298164614,7.522882100676894,37.645568744941855,6.151225469889202,40.31306458237779,6.7562933176429265,19.70324057702227,6.524487498301538
deu,male_fb_notnatlang,3,266,202.38829224170783,3.9851661187264784,33.23596600796014,3.1446191031980253,30.912855830071738,2.8460895783760365,63.415544369580196,2.943528045036774
deu,male_not_natlang,3,1549,277.00078146352297,1.2975198688738296,48.54847734995057,1.2158340235668585,40.74385164170069,1.2854943698624175,16.03243570821404,1.1057028522366852
deu,male_not_notnatlang,3,29,234.2456085037692,9.84293697017595,41.02809204450654,9.508775748154152,27.47753782466169,8.7178527418756655,40.70754729546627,9.728837509081215
deu,female_fb_natlang_child,4,62,240.4017495983478,6.318327536771262,32.520390249989426,6.1082649193789385,26.802948717033022,6.23224190815139,43.15373440388425,7.260464917412437
deu,female_fb_natlang_nochild,4,13,256.35671931134027,17.198869763555983,53.29525255423517,13.789158701818566,31.446090052630378,12.424708303491231,23.33118156963198,13.18907634107641
deu,female_fb_notnatlang_child,4,222,215.86524166795763,5.024266716372969,37.05361605879556,2.826142588616185,32.150002058207484,3.0902133515892904,54.04733108606272,3.9896762318839505
deu,female_fb_notnatlang_nochild,4,71,225.08488472025743,7.27649722683199,41.84510077551035,6.115124272760207,44.020661604139214,6.391083168984205,42.560247731068785,6.136112355254341
deu,female_not_natlang_child,4,1139,275.58663448413614,1.570248868929312,45.94600717536113,1.802124698183217,32.67791747357728,1.4200431148052377,14.519511003259645,1.3115087236598661
deu,female_not_natlang_nochild,4,472,291.695930256332,2.357497634931303,55.54824526700746,2.3914665161989968,45.93600591172468,2.4200010681523105,8.039779177535044,1.536186757521779
deu,female_not_notnatlang_child,4,22,274.700761727705,8.589376538951337,34.738495449272655,11.433405960623324,36.614751273388414,10.160190867139288,8.311666896876028,6.782805104489686
deu,female_not_notnatlang_nochild,4,14,270.8773406357245,18.13043512925698,48.5468467000807,17.158378778057656,41.632626318416975,13.707754023198856,22.137132879864915,15.141954327799763
deu,male_fb_natlang_child,4,42,250.92596049506,8.486266651444636,36.641153173890544,7.2837673417984226,39.24521386449046,8.270813386175893,23.91940499516268,8.001779807327791
deu,male_fb_natlang_nochild,4,16,294.2020174492537,13.359035879153437,40.490401461628906,11.97657448782714,43.33756633876128,14.31814910105922,7.761686880176106,10.443275825378972
deu,male_fb_notnatlang_child,4,187,193.27511626797502,4.715708602456887,30.114375004164877,3.65155507096846,27.375238614922218,3.213555997480188,68.38440527427208,3.4505449084783213
deu,male_fb_notnatlang_nochild,4,79,225.76177490725195,7.452358488698517,41.242225672694886,5.789701408039817,39.98613992926581,5.904615447081621,50.67140505326866,5.574950963667496
deu,male_not_natlang_child,4,985,274.5766133278553,1.5655397025131634,50.15332081507421,1.5193530063820118,43.5910891105823,1.7099684184329396,16.42851211216656,1.3988312254872777
deu,male_not_natlang_nochild,4,564,281.4767168750488,2.54185052732416,45.58532657265316,2.3730742364094755,35.4867695010339,2.0271332985637733,15.301128182124085,1.7948763329180968
deu,male_not_notnatlang_child,4,14,221.01714720587,13.536292001345245,34.63922319504983,13.875881849476311,25.513584941680815,11.715103707146772,53.400588360919826,14.187710893044393
deu,male_not_notnatlang_nochild,4,15,250.7193327985809,19.2122300384291,48.98430566690078,14.846938879666942,29.92329607224908,13.736939651798755,24.90059482638267,13.089570691641207
