term,M4
(Intercept),272.57*** (2.25)
NFE12_within,16.27*** (1.48)
female_within,-1.10** (0.40)
children_within,-1.91*** (0.46)
forlang_within,-19.83*** (0.96)
ed3_tertiary_within,38.15*** (0.35)
forborn_within,-18.90*** (0.58)
NFE12_between_z,12.22*** (3.34)
female_between_z,-2.92 (2.66)
children_between_z,-3.84 (2.03)
forlang_between_z,3.35 (3.29)
ed3_tertiary_between_z,-0.89 (3.03)
forborn_between_z,-10.59*** (3.10)
age_group25-34,4.32*** (0.75)
age_group35-44,2.32** (0.77)
age_group45-54,-5.33*** (0.78)
age_group55-65,-17.53*** (0.77)
age_groupMissing,-16.53*** (3.41)
female_within:forborn_within,-0.08 (1.15)
female_within:children_within,-3.38*** (0.84)
children_within:forborn_within,-3.15** (1.21)
female_within:forlang_within,2.49 (1.84)
forlang_within:forborn_within,-10.27*** (1.44)
children_within:forlang_within,-2.04 (1.89)
NFE12_within:female_within,-2.55** (0.82)
NFE12_within:forborn_within,4.53*** (1.18)
NFE12_within:children_within,-2.38** (0.86)
NFE12_within:forlang_within,-0.67 (1.93)
female_within:children_within:forborn_within,3.08 (2.42)
female_within:forlang_within:forborn_within,5.95* (2.69)
female_within:children_within:forlang_within,-1.24 (3.77)
children_within:forlang_within:forborn_within,-4.35 (2.78)
NFE12_within:female_within:forborn_within,-0.59 (2.36)
NFE12_within:female_within:children_within,2.07 (1.72)
NFE12_within:children_within:forborn_within,3.36 (2.48)
NFE12_within:female_within:forlang_within,4.08 (3.71)
NFE12_within:forlang_within:forborn_within,10.52*** (2.93)
NFE12_within:children_within:forlang_within,-2.44 (3.80)
female_within:children_within:forlang_within:forborn_within,5.29 (5.56)
NFE12_within:female_within:children_within:forborn_within,-0.50 (4.97)
NFE12_within:female_within:forlang_within:forborn_within,0.05 (5.50)
NFE12_within:female_within:children_within:forlang_within,-6.07 (7.59)
NFE12_within:children_within:forlang_within:forborn_within,3.02 (5.71)
NFE12_within:female_within:children_within:forlang_within:forborn_within,11.94 (11.40)
N,"70,369"
Countries,17
R2 marginal,0.348
R2 conditional,0.377
logLik,"-366,202.9"
AIC,"732,501.9"
BIC,"732,941.6"
