type_id,type_label,ed3_tertiary,n_countries,mean,sd,mean_trim,sd_trim,n_trim,ATE,se,lower,upper
1f,1f. Foreign-born mother non-native speaker,0,17,15.965433184299945,21.627833845175658,16.510365407711706,16.99275782259117,15,16.510365407711706,4.387511203535427,7.100089785278701,25.92064103014471
1f,1f. Foreign-born mother non-native speaker,1,9,22.09045433359121,38.48254675317823,23.956962793903696,8.217074354821486,7,23.956962793903696,3.1057621781977387,16.357436513233836,31.556489074573555
1m,1m. Foreign-born father non-native speaker,0,21,19.674280458026363,15.632199841890635,20.300727943968113,12.79261532844928,19,20.300727943968113,2.934827233699989,14.134884724388169,26.466571163548057
1m,1m. Foreign-born father non-native speaker,1,14,33.30900199957066,29.17259664014106,32.59599846473571,21.454170479956904,12,32.59599846473571,6.193285550921621,18.96466887494725,46.227328054524165
2f,2f. Foreign-born no children female non-native speaker,0,22,25.80894740567472,49.39018045829164,23.64663303822104,43.58347205749303,20,23.64663303822104,9.745560621601705,3.248940233514279,44.044325842927805
2f,2f. Foreign-born no children female non-native speaker,1,15,39.589237595493294,30.967166048911515,39.04215795578539,23.382880961186046,13,39.04215795578539,6.485244328740538,24.912024408798874,53.17229150277191
2m,2m. Foreign-born no children male non-native speaker,0,24,28.274699333280203,62.02918842327387,26.733041003074646,46.53096712236018,22,26.733041003074646,9.920435523206548,6.102365943286024,47.36371606286327
2m,2m. Foreign-born no children male non-native speaker,1,17,35.723370009629285,41.2914888208195,28.633080197454465,20.103873576803075,15,28.633080197454465,5.1907978371478425,17.499926096667245,39.766234298241685
3f,3f. Foreign-born mother native speaker,0,28,18.10236913066315,23.4851062081695,18.962177122248494,17.92180562177868,26,18.962177122248494,3.5147552532410145,11.723403174706444,26.200951069790545
3f,3f. Foreign-born mother native speaker,1,22,15.023531937085114,14.675058562217625,15.065266602709166,12.273448334678482,20,15.065266602709166,2.7444264794672675,9.321115965629062,20.80941723978927
3m,3m. Foreign-born father native speaker,0,28,25.944210118704817,36.847143180011145,24.889646883381307,27.072893262224625,26,24.889646883381307,5.309431193596077,13.95466864697923,35.824625119783384
3m,3m. Foreign-born father native speaker,1,25,21.61276717572236,25.236917279653085,21.51281073376029,20.618694497030262,23,21.51281073376029,4.299295001670098,12.59661861882228,30.4290028486983
4f,4f. Foreign-born no children female native speaker,0,28,26.89795144532531,46.854491708791656,27.246505627895395,36.162477415768684,26,27.246505627895395,7.09204530780242,12.640164898603183,41.85284635718761
4f,4f. Foreign-born no children female native speaker,1,26,20.468144287217473,34.17129356264306,19.60977254486725,27.814106142653895,24,19.60977254486725,5.677530641759442,7.864905574404238,31.354639515330263
4m,4m. Foreign-born no children male native speaker,0,29,23.452945306101714,51.45695476973784,27.12286612423302,30.290980003415026,27,27.12286612423302,5.829501819663078,15.140153521293369,39.10557872717267
4m,4m. Foreign-born no children male native speaker,1,27,11.154695125109031,38.823275709329415,13.37107157868552,24.536580125882427,25,13.37107157868552,4.907316025176486,3.2428690928696113,23.499274064501428
5f,5f. Native-born mother native speaker,0,29,15.061252798344876,11.190755227220285,16.08145334321522,6.046781874085852,27,16.08145334321522,1.1637037142448055,13.689426100726969,18.47348058570347
5f,5f. Native-born mother native speaker,1,29,10.74721773162634,7.6143437982475035,10.921279039452758,5.2461778170270454,27,10.921279039452758,1.009627391625736,8.84596021390584,12.996597864999675
5m,5m. Native-born father native speaker,0,29,15.367083138920199,11.323100504054228,15.846170937324562,8.306959421846386,27,15.846170937324562,1.5986750861167696,12.560047234986612,19.13229463966251
5m,5m. Native-born father native speaker,1,29,12.150793259780468,8.563023239187647,12.724924673374343,6.268921476661769,27,12.724924673374343,1.2064545006930996,10.245021930816488,15.204827415932197
6f,6f. Native-born no children female native speaker,0,29,17.622927655836207,9.884996633838787,17.688904820375786,8.976447754656888,27,17.688904820375786,1.7275181758392555,14.137940354147561,21.23986928660401
6f,6f. Native-born no children female native speaker,1,29,14.152859359834174,7.941096595830566,13.901391317859863,7.155144621762271,27,13.901391317859863,1.3770082244883834,11.070910375170637,16.73187226054909
6m,6m. Native-born no children male native speaker,0,29,21.483773718841423,11.40365285397353,21.31707380926258,8.188835629374534,27,21.31707380926258,1.5759421516563286,18.07767832293481,24.556469295590354
6m,6m. Native-born no children male native speaker,1,29,13.756666270079117,7.715595066644913,13.565034789089724,6.970529074618399,27,13.565034789089724,1.3414789458750151,10.807585324524021,16.322484253655425
