term,M5
(Intercept),266.16*** (2.33)
NFE12_within,16.17*** (1.19)
female_within,-0.43 (0.28)
children_within,-2.14*** (0.34)
forlang_within,-20.06*** (0.67)
ed3_tertiary_within,36.74*** (0.30)
forborn_within,-17.73*** (0.49)
NFE12_between_z,19.44*** (2.97)
female_between_z,-4.68* (2.16)
children_between_z,-8.63*** (2.33)
forlang_between_z,-2.48 (2.79)
ed3_tertiary_between_z,-2.44 (2.49)
forborn_between_z,-5.01 (2.95)
age_group25-34,2.06*** (0.58)
age_group35-44,-1.27* (0.59)
age_group45-54,-8.43*** (0.59)
age_group55-65,-20.95*** (0.59)
age_groupMissing,-19.76*** (3.34)
female_within:forborn_within,-0.11 (0.96)
female_within:children_within,-3.83*** (0.61)
children_within:forborn_within,-3.20** (1.05)
female_within:forlang_within,4.25** (1.30)
forlang_within:forborn_within,-6.31*** (1.11)
children_within:forlang_within,-2.62 (1.36)
NFE12_within:female_within,-0.46 (0.61)
NFE12_within:forborn_within,4.89*** (1.02)
NFE12_within:children_within,-3.54*** (0.66)
NFE12_within:forlang_within,2.99* (1.38)
female_within:ed3_tertiary_within,-5.10*** (0.59)
ed3_tertiary_within:forborn_within,-1.82 (1.00)
children_within:ed3_tertiary_within,1.07 (0.64)
forlang_within:ed3_tertiary_within,4.54*** (1.35)
NFE12_within:ed3_tertiary_within,-4.74*** (0.61)
female_within:children_within:forborn_within,-0.09 (2.10)
female_within:forlang_within:forborn_within,1.68 (2.04)
female_within:children_within:forlang_within,2.40 (2.72)
children_within:forlang_within:forborn_within,-1.82 (2.16)
NFE12_within:female_within:forborn_within,-0.05 (2.03)
NFE12_within:female_within:children_within,0.50 (1.31)
NFE12_within:children_within:forborn_within,1.42 (2.20)
NFE12_within:female_within:forlang_within,2.40 (2.69)
NFE12_within:forlang_within:forborn_within,1.48 (2.29)
NFE12_within:children_within:forlang_within,-2.45 (2.80)
female_within:ed3_tertiary_within:forborn_within,1.63 (1.99)
female_within:children_within:ed3_tertiary_within,0.45 (1.27)
children_within:ed3_tertiary_within:forborn_within,5.36* (2.16)
female_within:forlang_within:ed3_tertiary_within,1.41 (2.68)
forlang_within:ed3_tertiary_within:forborn_within,6.84** (2.13)
children_within:forlang_within:ed3_tertiary_within,2.86 (2.79)
NFE12_within:female_within:ed3_tertiary_within,-0.81 (1.22)
NFE12_within:ed3_tertiary_within:forborn_within,0.21 (2.04)
NFE12_within:children_within:ed3_tertiary_within,2.25 (1.30)
NFE12_within:forlang_within:ed3_tertiary_within,6.77* (2.72)
female_within:children_within:forlang_within:forborn_within,3.71 (4.32)
NFE12_within:female_within:children_within:forborn_within,-1.85 (4.40)
NFE12_within:female_within:forlang_within:forborn_within,-1.97 (4.29)
NFE12_within:female_within:children_within:forlang_within,-1.52 (5.58)
NFE12_within:children_within:forlang_within:forborn_within,4.11 (4.54)
female_within:children_within:ed3_tertiary_within:forborn_within,0.61 (4.32)
female_within:forlang_within:ed3_tertiary_within:forborn_within,-2.54 (4.24)
female_within:children_within:forlang_within:ed3_tertiary_within,1.45 (5.57)
children_within:forlang_within:ed3_tertiary_within:forborn_within,-2.10 (4.48)
NFE12_within:female_within:ed3_tertiary_within:forborn_within,-4.01 (4.06)
NFE12_within:female_within:children_within:ed3_tertiary_within,-5.24* (2.60)
NFE12_within:children_within:ed3_tertiary_within:forborn_within,3.25 (4.38)
NFE12_within:female_within:forlang_within:ed3_tertiary_within,-8.16 (5.41)
NFE12_within:forlang_within:ed3_tertiary_within:forborn_within,-4.33 (4.34)
NFE12_within:children_within:forlang_within:ed3_tertiary_within,5.87 (5.61)
NFE12_within:female_within:children_within:forlang_within:forborn_within,10.02 (9.05)
female_within:children_within:forlang_within:ed3_tertiary_within:forborn_within,2.82 (8.96)
NFE12_within:female_within:children_within:ed3_tertiary_within:forborn_within,3.47 (8.78)
NFE12_within:female_within:forlang_within:ed3_tertiary_within:forborn_within,24.48** (8.66)
NFE12_within:female_within:children_within:forlang_within:ed3_tertiary_within,-14.00 (11.21)
NFE12_within:children_within:forlang_within:ed3_tertiary_within:forborn_within,-0.47 (9.13)
NFE12_within:female_within:children_within:forlang_within:ed3_tertiary_within:forborn_within,11.43 (18.27)
N,"126,629"
Countries,29
R2 marginal,0.340
R2 conditional,0.392
logLik,"-659,110.6"
AIC,"1,318,379.1"
BIC,"1,319,149.3"
