sample,variable,mean,wmean,sd,min,max,n
All,Literacy (mean of 10 plausible values),257.92267876545657,257.8116880216826,54.17764971404039,25.455161,449.496588,126629
All,ALE participation,0.4091321893089261,0.4102501243349446,0.491675655346769,0,1,126629
All,Female,0.5376967361346927,0.4971104148689614,0.4985788996232046,0,1,126629
All,Foreign-born,0.13635896990420834,0.14953181210046332,0.34317070277056266,0,1,126629
All,Non-native speaker,0.1069028421609584,0.1169202877356705,0.30899090354905995,0,1,126629
All,Has children,0.6835953849434174,0.6863504440444399,0.4650746636004995,0,1,126629
All,Tertiary education,0.43632185360383485,0.40706062685859934,0.495930474901717,0,1,126629
Women,Literacy (mean of 10 plausible values),258.1810489705675,258.8897215549868,52.66890039177453,34.098993,420.66695599999997,68088
Women,ALE participation,0.4200740218540712,0.41908409269854674,0.4935741240855073,0,1,68088
Women,Foreign-born,0.13956938080131595,0.15646718771028728,0.3465422521330938,0,1,68088
Women,Non-native speaker,0.10702326401127951,0.12078325102848586,0.30914509313020944,0,1,68088
Women,Has children,0.7375308424391963,0.7370039261126043,0.4399794790715432,0,1,68088
Women,Tertiary education,0.4686288332745858,0.4441296793726852,0.4990185439609057,0,1,68088
Men,Literacy (mean of 10 plausible values),257.62217295712406,256.75647685098517,55.880181226377786,25.455161,449.496588,58541
Men,ALE participation,0.39640593771886373,0.4015481067666099,0.4891547378093004,0,1,58541
Men,Foreign-born,0.13262499786474438,0.14253140266080913,0.33917189282593085,0,1,58541
Men,Non-native speaker,0.10676278164021796,0.11311863846600652,0.30881405270001194,0,1,58541
Men,Has children,0.6208640098392579,0.6362793758895767,0.4851761661181998,0,1,58541
Men,Tertiary education,0.3987461778924173,0.37045070684403136,0.4896445230562233,0,1,58541
