term,equal_country_weights,survey_weights,difference
(Intercept),253.86084298426948,253.54535110052066,-0.31549188374881965
FORBORN,-18.689294789221606,-19.203064639765202,-0.5137698505435964
NFE12,16.310627809292306,16.911057668802016,0.6004298595097097
female,-0.5386048157183465,0.12014095911275173,0.6587457748310982
children,-1.8608617150955022,-1.660037988376493,0.20082372671900917
FORLANG,-21.627673675310263,-24.25345176959999,-2.6257780942897284
tertiary,36.778925955906075,37.42474352936254,0.645817573456462
age_group25-34,1.9873200103790196,0.8509297228604834,-1.136390287518536
age_group35-44,-1.4919079686081955,-2.5696644721913433,-1.0777565035831478
age_group45-54,-8.632648874655189,-9.524155388816846,-0.8915065141616569
age_group55-65,-20.864454743263284,-21.2162832321377,-0.35182848887441764
age_groupMissing,-20.071797572318072,-17.570395566381794,2.501402005936278
