"iso3c","pop_2023","pct_g1","pct_g1_ale","ratio_g1","pct_g2","pct_g2_ale","ratio_g2"
"AUT",9131761,2.54,0.85,3.01,5.17,2.14,2.42
"BEL",11779946,2.82,1.02,2.75,3.84,1.53,2.51
"CAN",40083484,4.26,1.93,2.21,11.33,6.4,1.77
"CHE",8888822,4.83,1.96,2.46,15.36,7.19,2.14
"CHL",19658835,0.22,0.07,3.15,8.1,2.59,3.13
"CZE",10864042,0.36,0.13,2.72,1.31,0.52,2.51
"DEU",83287273,2.32,0.8,2.9,3.08,1.08,2.84
"ESP",48352528,3.17,1.23,2.57,13.61,5.41,2.52
"EST",1370286,1.69,0.84,2.02,8.63,3.76,2.3
"FIN",5583911,0.98,0.61,1.6,1.58,0.69,2.29
"FRA",68372286,1.5,0.51,2.96,5.99,1.78,3.36
"GBR",68492000,1.76,0.83,2.13,7.56,4.22,1.79
"HRV",3859686,0.68,0.05,13.53,6.91,1.49,4.63
"HUN",9592186,0.64,0.13,5.12,3.67,1.25,2.94
"IRL",5311538,0.55,0.17,3.14,14.55,8.2,1.78
"ISR",9849000,4.42,1.52,2.91,3.61,1.1,3.29
"ITA",58984216,2.42,0.8,3.01,3.47,0.73,4.75
"JPN",124516650,0.01,0,Inf,0.42,0.18,2.3
"KOR",51712619,0.13,0.01,12.44,1.41,0.1,13.58
"LTU",2871585,4.73,1.32,3.57,1.71,0.61,2.8
"LVA",1883710,6.31,2.92,2.16,6.86,2.77,2.47
"NOR",5519601,0.51,0.32,1.58,0.39,0.34,1.15
"POL",36687353,0.33,0.1,3.12,0.19,0,Inf
"PRT",10578174,0.69,0.26,2.63,19.65,6.32,3.11
"SGP",5917648,36.57,14.9,2.45,7.18,3.92,1.83
"SVK",5426740,2.57,0.69,3.71,0.75,0.2,3.72
"SWE",10536632,1.26,0.68,1.87,1.69,0.89,1.89
"USA",336806231,4.56,2.28,2,5.46,3.37,1.62
